"gauge_code","estado","lat","long","time_step","network","n_viz","dist_nn_km","dist_k_med_km","mes_moda","f_moda","rbar_local","classe_espacial","mes_inicio","fonte_inicio","mes_inicio_nome"
"14680001","RR",2.8708,-61.4406,15,"Telemetria",10,0.1,85.85,12,0.7,0.971,"mancha",12,"moda_mancha","dez"
"150619502A","PA",-4.099531,-54.910166,10,"CEMADEN",10,1.2,133.51,8,0.8,0.973,"mancha",8,"moda_mancha","ago"
"15318000","RO",-10.3475,-65.3569,15,"Telemetria",10,49.41,208.87,7,0.6,0.967,"mancha",7,"moda_mancha","jul"
"210232501A","MA",-4.31779,-46.45999,10,"CEMADEN",10,4.28,80.66,8,0.6,0.967,"mancha",8,"moda_mancha","ago"
"210350501A","MA",-6.03192,-44.24784,10,"CEMADEN",10,0.83,47.87,8,0.7,0.971,"mancha",8,"moda_mancha","ago"
"211130008A","MA",-2.55193,-44.22401,10,"CEMADEN",10,2.89,82.14,9,0.6,0.946,"mancha",9,"moda_mancha","set"
"211210001A","MA",-4.25536,-43.93945,10,"CEMADEN",10,23.13,41.38,9,0.7,0.971,"mancha",9,"moda_mancha","set"
"230390701A","CE",-3.035505,-41.238371,10,"CEMADEN",10,0.61,46.56,9,1,1,"mancha",9,"moda_mancha","set"
"230540702A","CE",-6.4,-38.859,10,"CEMADEN",10,1,17.78,9,0.8,0.978,"mancha",9,"moda_mancha","set"
"230765004A","CE",-3.861673,-38.623954,10,"CEMADEN",10,4.38,12.21,9,0.7,0.971,"mancha",9,"moda_mancha","set"
"230980501A","CE",-4.225654,-38.919779,10,"CEMADEN",10,1.05,11.9,10,0.7,0.971,"mancha",10,"moda_mancha","out"
"231180101A","CE",-4.92271,-37.97669,10,"CEMADEN",10,1.62,23.48,9,0.9,0.988,"mancha",9,"moda_mancha","set"
"240810206A","RN",-5.823,-35.258,10,"CEMADEN",10,5.25,26.84,11,0.8,0.978,"mancha",11,"moda_mancha","nov"
"250180701A","PB",-7.122,-34.906,10,"CEMADEN",10,2.59,15.26,11,0.8,0.978,"mancha",11,"moda_mancha","nov"
"250180702A","PB",-7.133,-34.94,10,"CEMADEN",10,4.83,13.22,11,0.8,0.978,"mancha",11,"moda_mancha","nov"
"250180703A","PB",-7.148,-34.923,10,"CEMADEN",10,5.61,13.12,11,0.8,0.978,"mancha",11,"moda_mancha","nov"
"250400901A","PB",-7.207,-35.886,10,"CEMADEN",10,2.89,17.55,10,0.5,0.945,"mancha",10,"moda_mancha","out"
"250400902A","PB",-7.244,-35.874,10,"CEMADEN",10,3.28,15.24,10,0.6,0.967,"mancha",10,"moda_mancha","out"
"250400903A","PB",-7.252,-35.895,10,"CEMADEN",10,2.5,15.35,10,0.6,0.952,"mancha",10,"moda_mancha","out"
"250400904A","PB",-7.249,-35.917,10,"CEMADEN",10,2.83,15.92,10,0.6,0.952,"mancha",10,"moda_mancha","out"
"250400906A","PB",-7.274,-35.932,10,"CEMADEN",10,6.04,16.38,10,0.7,0.961,"mancha",10,"moda_mancha","out"
"250750701A","PB",-7.166,-34.882,10,"CEMADEN",10,5.47,15.17,11,0.8,0.978,"mancha",11,"moda_mancha","nov"
"250750702A","PB",-7.184,-34.859,10,"CEMADEN",10,7.94,18.16,11,0.8,0.978,"mancha",11,"moda_mancha","nov"
"250750705A","PB",-7.124,-34.847,10,"CEMADEN",10,3.19,19.64,11,0.8,0.978,"mancha",11,"moda_mancha","nov"
"250750707A","PB",-7.119,-34.886,10,"CEMADEN",10,0.39,16.81,11,0.8,0.978,"mancha",11,"moda_mancha","nov"
"250980001A","PB",-7.031,-35.462,10,"CEMADEN",10,0.7,18,11,0.7,0.971,"mancha",11,"moda_mancha","nov"
"251530201A","PB",-7.098,-35.224,10,"CEMADEN",10,0.62,18.45,11,0.9,0.988,"mancha",11,"moda_mancha","nov"
"260130001A","PE",-8.418,-35.664,10,"CEMADEN",10,13.76,37.46,11,0.4,0.889,"mancha",11,"moda_mancha","nov"
"260345404A","PE",-8.021425,-34.987566,10,"CEMADEN",10,5.26,10.73,11,0.9,0.988,"mancha",11,"moda_mancha","nov"
"260410601A","PE",-8.285,-35.976,10,"CEMADEN",10,1.05,30.9,9,0.5,0.941,"mancha",9,"moda_mancha","set"
"260590501A","PE",-8.587,-35.386,10,"CEMADEN",10,10.54,29.43,11,0.7,0.961,"mancha",11,"moda_mancha","nov"
"260620001A","PE",-7.531555,-34.996284,10,"CEMADEN",10,2.73,20.55,11,0.8,0.973,"mancha",11,"moda_mancha","nov"
"260680403A","PE",-7.807,-34.933,10,"CEMADEN",10,23.49,27.09,11,0.9,0.988,"mancha",11,"moda_mancha","nov"
"260790108A","PE",-8.07105,-34.99392,10,"CEMADEN",10,3.96,12.27,11,1,1,"mancha",11,"moda_mancha","nov"
"260940202A","PE",-8.118,-35.101,10,"CEMADEN",10,10.61,18.06,11,1,1,"mancha",11,"moda_mancha","nov"
"260950102A","PE",-7.730698,-35.232556,10,"CEMADEN",10,13.11,20.65,11,0.8,0.973,"mancha",11,"moda_mancha","nov"
"260960005A","PE",-7.973,-34.868,10,"CEMADEN",10,6.91,19.32,11,0.9,0.988,"mancha",11,"moda_mancha","nov"
"261150701A","PE",-8.83,-36.013,10,"CEMADEN",10,4.36,27.25,11,0.7,0.961,"mancha",11,"moda_mancha","nov"
"261160614A","PE",-8.013,-34.881,10,"CEMADEN",10,2.27,17.94,11,1,1,"mancha",11,"moda_mancha","nov"
"261160621A","PE",-8.102,-34.929,10,"CEMADEN",10,5.79,17.5,11,1,1,"mancha",11,"moda_mancha","nov"
"261290101A","PE",-8.812,-35.932,10,"CEMADEN",10,11.04,25.84,11,0.7,0.961,"mancha",11,"moda_mancha","nov"
"261370103A","PE",-7.979,-35.073,10,"CEMADEN",10,2.6,17.24,11,0.9,0.988,"mancha",11,"moda_mancha","nov"
"270210801A","AL",-8.909571,-35.716296,10,"CEMADEN",10,0.79,33.45,11,0.5,0.966,"mancha",11,"moda_mancha","nov"
"270430210A","AL",-9.552,-35.727,10,"CEMADEN",10,4.77,15.6,11,0.7,0.971,"mancha",11,"moda_mancha","nov"
"270430213A","AL",-9.573,-35.741,10,"CEMADEN",10,4.03,15.82,11,0.7,0.971,"mancha",11,"moda_mancha","nov"
"270510101A","AL",-9.15748,-35.53084,10,"CEMADEN",10,1.87,23.34,11,0.5,0.966,"mancha",11,"moda_mancha","nov"
"270660401A","AL",-9.371,-36.372,10,"CEMADEN",10,8.86,23.45,11,0.7,0.961,"mancha",11,"moda_mancha","nov"
"270890701A","AL",-9.574,-35.824,10,"CEMADEN",10,1.31,11.24,11,0.8,0.978,"mancha",11,"moda_mancha","nov"
"280400301A","SE",-10.734,-37.083,10,"CEMADEN",10,11.13,20.96,11,0.9,0.988,"mancha",11,"moda_mancha","nov"
"290560202A","BA",-15.374,-39.489,10,"CEMADEN",10,5.71,36.01,7,0.8,0.947,"mancha",7,"moda_mancha","jul"
"291180801A","BA",-16.582916,-39.780555,10,"CEMADEN",10,0.37,64.16,6,0.5,0.966,"mancha",6,"moda_mancha","jun"
"291345701A","BA",-13.819025,-39.141885,10,"CEMADEN",10,3.17,42.96,1,0.2,0.423,"transicao",9,"media_circ_ponderada","set"
"291360602A","BA",-14.782697,-39.103569,10,"CEMADEN",10,16.65,42.28,7,0.5,0.82,"mancha",7,"moda_mancha","jul"
"291480202A","BA",-14.805,-39.277,10,"CEMADEN",10,15.39,29.42,7,0.5,0.82,"mancha",7,"moda_mancha","jul"
"292770501A","BA",-16.321,-39.023,10,"CEMADEN",10,52.17,70.64,7,0.4,0.777,"mancha",7,"moda_mancha","jul"
"311330501A","MG",-20.728,-42.03,10,"CEMADEN",10,1.49,27.86,7,0.8,0.978,"mancha",7,"moda_mancha","jul"
"311330502A","MG",-20.726,-42.147,10,"CEMADEN",10,13.75,31.81,7,0.8,0.978,"mancha",7,"moda_mancha","jul"
"311410501A","MG",-22.1204,-45.13472,10,"CEMADEN",10,9.41,19.93,7,0.8,0.899,"mancha",7,"moda_mancha","jul"
"311450101A","MG",-20.54264,-44.64601,10,"CEMADEN",10,24.64,34.48,7,0.9,0.988,"mancha",7,"moda_mancha","jul"
"312420302A","MG",-20.42158,-41.8535,10,"CEMADEN",10,13.15,30.15,7,0.7,0.971,"mancha",7,"moda_mancha","jul"
"312770106A","MG",-18.842,-41.943,10,"CEMADEN",10,1.4,36.68,7,0.7,0.971,"mancha",7,"moda_mancha","jul"
"313130702A","MG",-19.476,-42.58,10,"CEMADEN",10,8.94,42.79,7,0.7,0.971,"mancha",7,"moda_mancha","jul"
"313170302A","MG",-19.654,-43.209,10,"CEMADEN",10,3.97,30.38,7,0.9,0.988,"mancha",7,"moda_mancha","jul"
"313170303A","MG",-19.627,-43.208,10,"CEMADEN",10,1.54,33.14,7,0.9,0.988,"mancha",7,"moda_mancha","jul"
"313170305A","MG",-19.622,-43.43,10,"CEMADEN",10,18.84,36.35,7,0.9,0.988,"mancha",7,"moda_mancha","jul"
"313170306A","MG",-19.513,-43.374,10,"CEMADEN",10,20.82,39.53,7,1,1,"mancha",7,"moda_mancha","jul"
"313240401A","MG",-22.412335,-45.435862,10,"CEMADEN",10,4.26,23.09,7,1,1,"mancha",7,"moda_mancha","jul"
"313620703A","MG",-19.845,-43.18,10,"CEMADEN",10,5.24,26.16,7,0.9,0.988,"mancha",7,"moda_mancha","jul"
"313620704A","MG",-19.828,-43.158,10,"CEMADEN",10,2.19,27.03,7,0.9,0.988,"mancha",7,"moda_mancha","jul"
"313770001A","MG",-20.15,-41.615,10,"CEMADEN",10,13.41,39.37,7,0.8,0.978,"mancha",7,"moda_mancha","jul"
"313780901A","MG",-21.97453,-45.34852,10,"CEMADEN",10,4.8,25.93,7,0.9,0.988,"mancha",7,"moda_mancha","jul"
"315250105A","MG",-22.21,-45.906,10,"CEMADEN",10,7.1,24.18,7,1,1,"mancha",7,"moda_mancha","jul"
"315680901A","MG",-18.666,-43.08,10,"CEMADEN",10,20.3,55.85,7,0.8,0.978,"mancha",7,"moda_mancha","jul"
"316600601A","MG",-20.79777,-43.35336,10,"CEMADEN",10,13.32,48.53,7,1,1,"mancha",7,"moda_mancha","jul"
"320130811A","ES",-20.361,-40.373,10,"CEMADEN",10,7.44,25.96,7,0.6,0.967,"mancha",7,"moda_mancha","jul"
"320220702A","ES",-19.935,-40.408,10,"CEMADEN",10,0.76,24.82,6,0.9,0.988,"mancha",6,"moda_mancha","jun"
"320320501A","ES",-19.406,-40.069,10,"CEMADEN",10,1.23,37.1,6,0.9,0.988,"mancha",6,"moda_mancha","jun"
"320390803A","ES",-18.714,-40.407,10,"CEMADEN",10,4.15,29.22,6,0.7,0.971,"mancha",6,"moda_mancha","jun"
"320500213A","ES",-20.211,-40.219,10,"CEMADEN",10,11.32,36.48,6,0.7,0.971,"mancha",6,"moda_mancha","jun"
"320530905A","ES",-20.274,-40.323,10,"CEMADEN",10,5.12,28.5,6,0.6,0.967,"mancha",6,"moda_mancha","jun"
"320530908A","ES",-20.257,-40.268,10,"CEMADEN",10,9.07,32.14,6,0.6,0.967,"mancha",6,"moda_mancha","jun"
"330010003A","RJ",-22.933,-44.387,10,"CEMADEN",10,0.62,21.61,7,0.5,0.966,"mancha",7,"moda_mancha","jul"
"330190008A","RJ",-22.837,-42.882,10,"CEMADEN",10,12.05,35.16,8,0.7,0.971,"mancha",8,"moda_mancha","ago"
"330200704A","RJ",-22.9213,-43.8504,10,"CEMADEN",10,2.69,24.91,7,0.6,0.967,"mancha",7,"moda_mancha","jul"
"330270001A","RJ",-22.906,-42.815,10,"CEMADEN",10,9.22,40.71,8,0.6,0.967,"mancha",8,"moda_mancha","ago"
"330455711A","RJ",-22.8897,-43.7175,10,"CEMADEN",10,4.54,27.52,8,0.6,0.967,"mancha",8,"moda_mancha","ago"
"330455728A","RJ",-22.86086,-43.30756,10,"CEMADEN",10,10.88,12.92,8,0.7,0.914,"mancha",8,"moda_mancha","ago"
"330455729A","RJ",-22.9666,-43.2965,10,"CEMADEN",10,1.93,12.86,8,0.7,0.914,"mancha",8,"moda_mancha","ago"
"330455734A","RJ",-22.7613,-43.1084,10,"CEMADEN",10,17.33,20.04,8,0.5,0.941,"mancha",8,"moda_mancha","ago"
"330580204A","RJ",-22.428,-42.962,10,"CEMADEN",10,1.65,22.05,7,1,1,"mancha",7,"moda_mancha","jul"
"350050101A","SP",-22.475,-46.628,10,"CEMADEN",10,1.09,17.98,7,1,1,"mancha",7,"moda_mancha","jul"
"350190501A","SP",-22.704,-46.818,10,"CEMADEN",10,2.21,16.14,7,1,1,"mancha",7,"moda_mancha","jul"
"350250704A","SP",-22.839,-45.231,10,"CEMADEN",10,2.49,6.96,7,1,1,"mancha",7,"moda_mancha","jul"
"350270501A","SP",-24.507622,-48.848371,10,"CEMADEN",10,1.02,19.07,8,0.8,0.978,"mancha",8,"moda_mancha","ago"
"350290301A","SP",-23.50509,-47.61925,10,"CEMADEN",10,2.21,16.38,7,0.9,0.988,"mancha",7,"moda_mancha","jul"
"350315801A","SP",-22.6746,-44.44577,10,"CEMADEN",10,8.71,21.75,7,0.9,0.988,"mancha",7,"moda_mancha","jul"
"350330701A","SP",-22.374879,-47.386852,10,"CEMADEN",10,10.3,16.5,7,1,1,"mancha",7,"moda_mancha","jul"
"350350501A","SP",-22.57941,-44.69773,10,"CEMADEN",10,9.21,16.45,7,1,1,"mancha",7,"moda_mancha","jul"
"350380201A","SP",-22.567,-47.154,10,"CEMADEN",10,1.41,23.44,7,0.9,0.988,"mancha",7,"moda_mancha","jul"
"350410706A","SP",-23.16773,-46.62687,10,"CEMADEN",10,8.76,20.27,7,1,1,"mancha",7,"moda_mancha","jul"
"350450302A","SP",-23.101,-48.92,10,"CEMADEN",10,0.38,30.81,7,0.5,0.966,"mancha",7,"moda_mancha","jul"
"350450303A","SP",-23.111,-48.932,10,"CEMADEN",10,2.09,30.93,7,0.5,0.966,"mancha",7,"moda_mancha","jul"
"350490901A","SP",-22.679,-44.317,10,"CEMADEN",10,0.48,21.92,7,0.8,0.978,"mancha",7,"moda_mancha","jul"
"350600301A","SP",-22.328,-49.102,10,"CEMADEN",10,2.16,22.26,7,1,1,"mancha",7,"moda_mancha","jul"
"350660701A","SP",-23.58773,-46.04429,10,"CEMADEN",10,1.4,8.98,7,0.6,0.967,"mancha",7,"moda_mancha","jul"
"350700101A","SP",-23.28891,-47.67549,10,"CEMADEN",10,1.16,11.55,7,0.9,0.988,"mancha",7,"moda_mancha","jul"
"350760504A","SP",-22.923033,-46.535295,10,"CEMADEN",10,1.16,17.81,7,0.9,0.988,"mancha",7,"moda_mancha","jul"
"350840503A","SP",-23.354,-47.082,10,"CEMADEN",10,6.73,20.46,7,1,1,"mancha",7,"moda_mancha","jul"
"350880101A","SP",-21.803,-49.61,10,"CEMADEN",10,3,22.1,7,1,1,"mancha",7,"moda_mancha","jul"
"350995701A","SP",-22.7025,-45.05077,10,"CEMADEN",10,4.97,6.51,7,0.9,0.988,"mancha",7,"moda_mancha","jul"
"351030201A","SP",-23.47379,-47.73533,10,"CEMADEN",10,5.87,15.91,7,1,1,"mancha",7,"moda_mancha","jul"
"351060901A","SP",-23.56132,-46.84739,10,"CEMADEN",10,2.48,10.63,7,0.8,0.978,"mancha",7,"moda_mancha","jul"
"351300905A","SP",-23.5801,-46.9176,10,"CEMADEN",10,2.29,12.93,7,0.9,0.988,"mancha",7,"moda_mancha","jul"
"351360301A","SP",-23.083,-44.96,10,"CEMADEN",10,0.44,13.11,7,0.9,0.988,"mancha",7,"moda_mancha","jul"
"351360302A","SP",-23.079422,-44.946102,10,"CEMADEN",10,1.42,13.37,7,0.9,0.988,"mancha",7,"moda_mancha","jul"
"351510305A","SP",-23.88,-46.794,10,"CEMADEN",10,4.9,14.62,8,0.7,0.971,"mancha",8,"moda_mancha","ago"
"351630903A","SP",-23.268,-46.748,10,"CEMADEN",10,7.42,17.59,7,1,1,"mancha",7,"moda_mancha","jul"
"351830501A","SP",-23.41782,-46.03012,10,"CEMADEN",10,0.65,9.62,7,0.9,0.988,"mancha",7,"moda_mancha","jul"
"351870107A","SP",-23.968,-46.26,10,"CEMADEN",10,4.37,9.7,8,1,1,"mancha",8,"moda_mancha","ago"
"351870114A","SP",-23.97,-46.191,10,"CEMADEN",10,2.38,14.45,8,1,1,"mancha",8,"moda_mancha","ago"
"351880001A","SP",-23.456,-46.458,10,"CEMADEN",10,3.11,9.48,7,0.9,0.988,"mancha",7,"moda_mancha","jul"
"352140801A","SP",-22.57856,-47.52177,10,"CEMADEN",10,8.78,17.82,7,0.9,0.988,"mancha",7,"moda_mancha","jul"
"352220803A","SP",-23.699,-46.851,10,"CEMADEN",10,1.97,11.31,7,0.9,0.988,"mancha",7,"moda_mancha","jul"
"352230701A","SP",-23.588,-48.043,10,"CEMADEN",10,0.94,22.49,7,0.9,0.988,"mancha",7,"moda_mancha","jul"
"352230703A","SP",-23.58935,-48.04417,10,"CEMADEN",10,0.93,22.47,7,0.9,0.988,"mancha",7,"moda_mancha","jul"
"352230704A","SP",-23.63,-48.036,10,"CEMADEN",10,5.41,20.62,7,1,1,"mancha",7,"moda_mancha","jul"
"352230707A","SP",-23.595,-48.317,10,"CEMADEN",10,0.56,17.99,7,0.9,0.988,"mancha",7,"moda_mancha","jul"
"352250503A","SP",-23.53016,-46.92795,10,"CEMADEN",10,4.1,13.94,7,0.9,0.988,"mancha",7,"moda_mancha","jul"
"352265301A","SP",-24.491,-49.226,10,"CEMADEN",10,10.67,30.88,8,0.8,0.899,"mancha",8,"moda_mancha","ago"
"352310702A","SP",-23.4639,-46.3039,10,"CEMADEN",10,4.09,10.07,7,0.8,0.978,"mancha",7,"moda_mancha","jul"
"352310706A","SP",-23.437,-46.308,10,"CEMADEN",10,2.77,10.01,7,0.8,0.978,"mancha",7,"moda_mancha","jul"
"352390902A","SP",-23.387,-47.34,10,"CEMADEN",10,6.01,14.56,7,1,1,"mancha",7,"moda_mancha","jul"
"352390906A","SP",-23.266,-47.395,10,"CEMADEN",10,10.13,15.59,7,1,1,"mancha",7,"moda_mancha","jul"
"352500302A","SP",-23.528,-46.902,10,"CEMADEN",10,4.62,13.14,7,0.8,0.978,"mancha",7,"moda_mancha","jul"
"352585401A","SP",-23.08845,-47.78094,10,"CEMADEN",10,6.02,12.13,7,0.9,0.988,"mancha",7,"moda_mancha","jul"
"352590403A","SP",-23.247,-46.855,10,"CEMADEN",10,6.09,15.88,7,1,1,"mancha",7,"moda_mancha","jul"
"352660501A","SP",-22.571,-44.902,10,"CEMADEN",10,6.3,13.96,7,1,1,"mancha",7,"moda_mancha","jul"
"352690204A","SP",-22.536,-47.394,10,"CEMADEN",10,4.56,22.36,7,1,1,"mancha",7,"moda_mancha","jul"
"352700901A","SP",-22.534,-46.651,10,"CEMADEN",10,1.92,19.56,7,1,1,"mancha",7,"moda_mancha","jul"
"352720702A","SP",-22.751897,-45.092557,10,"CEMADEN",10,1.15,11.33,7,0.9,0.988,"mancha",7,"moda_mancha","jul"
"352840301A","SP",-23.55121,-47.18601,10,"CEMADEN",10,0.33,11.44,7,1,1,"mancha",7,"moda_mancha","jul"
"352850204A","SP",-23.37046,-46.61099,10,"CEMADEN",10,4.49,8.94,7,0.9,0.988,"mancha",7,"moda_mancha","jul"
"352900502A","SP",-22.25,-49.932,10,"CEMADEN",10,1.86,16.03,7,1,1,"mancha",7,"moda_mancha","jul"
"352900504A","SP",-22.228,-49.967,10,"CEMADEN",10,2.27,15.46,7,1,1,"mancha",7,"moda_mancha","jul"
"353060704A","SP",-23.55061,-46.24632,10,"CEMADEN",10,3.91,9.65,7,0.8,0.978,"mancha",7,"moda_mancha","jul"
"353110004A","SP",-24.113,-46.662,10,"CEMADEN",10,6.01,18.59,8,1,1,"mancha",8,"moda_mancha","ago"
"353180301A","SP",-22.905,-47.343,10,"CEMADEN",10,5.79,12.46,7,1,1,"mancha",7,"moda_mancha","jul"
"353180302A","SP",-23.012,-47.306,10,"CEMADEN",10,5.9,14.19,7,1,1,"mancha",7,"moda_mancha","jul"
"353230601A","SP",-23.377916,-45.445904,10,"CEMADEN",10,0.75,14.51,7,0.6,0.967,"mancha",7,"moda_mancha","jul"
"353440103A","SP",-23.507,-46.776,10,"CEMADEN",10,1.35,8.05,7,0.8,0.978,"mancha",7,"moda_mancha","jul"
"353440105A","SP",-23.475,-46.779,10,"CEMADEN",10,4.65,8.19,7,0.8,0.978,"mancha",7,"moda_mancha","jul"
"353710704A","SP",-22.74153,-46.9242,10,"CEMADEN",10,1.38,11.71,7,1,1,"mancha",7,"moda_mancha","jul"
"353760203A","SP",-24.268,-46.961,10,"CEMADEN",10,6.93,25.85,8,0.8,0.978,"mancha",8,"moda_mancha","ago"
"353850101A","SP",-22.612,-45.183,10,"CEMADEN",10,1.33,14.98,7,1,1,"mancha",7,"moda_mancha","jul"
"354050701A","SP",-23.17647,-48.12137,10,"CEMADEN",10,0.92,20.3,7,0.9,0.988,"mancha",7,"moda_mancha","jul"
"354340202A","SP",-21.123,-47.738,10,"CEMADEN",10,2.88,16.54,7,1,1,"mancha",7,"moda_mancha","jul"
"354340203A","SP",-21.172,-47.809,10,"CEMADEN",10,7.12,18,7,1,1,"mancha",7,"moda_mancha","jul"
"354340204A","SP",-21.264,-47.823,10,"CEMADEN",10,7.15,18.17,7,1,1,"mancha",7,"moda_mancha","jul"
"354390701A","SP",-22.429,-47.552,10,"CEMADEN",10,1.38,17.82,7,1,1,"mancha",7,"moda_mancha","jul"
"354780904A","SP",-23.648,-46.514,10,"CEMADEN",10,3.99,5.75,8,0.6,0.967,"mancha",8,"moda_mancha","ago"
"354980504A","SP",-20.844,-49.386,10,"CEMADEN",10,3.05,14.82,7,1,1,"mancha",7,"moda_mancha","jul"
"355030834A","SP",-23.650398,-46.708183,10,"CEMADEN",10,0.91,7.34,7,1,1,"mancha",7,"moda_mancha","jul"
"355030881A","SP",-23.494,-46.417,10,"CEMADEN",10,2.16,6.86,7,0.8,0.978,"mancha",7,"moda_mancha","jul"
"355220504A","SP",-23.51027,-47.36154,10,"CEMADEN",10,8.05,10.91,7,1,1,"mancha",7,"moda_mancha","jul"
"355220509A","SP",-23.42682,-47.36295,10,"CEMADEN",10,4.26,11.91,7,1,1,"mancha",7,"moda_mancha","jul"
"355220510A","SP",-23.478,-47.422,10,"CEMADEN",10,0.92,7.9,7,1,1,"mancha",7,"moda_mancha","jul"
"355250201A","SP",-23.64494,-46.32195,10,"CEMADEN",10,1.38,10.59,7,0.9,0.988,"mancha",7,"moda_mancha","jul"
"355250203A","SP",-23.496096,-46.322502,10,"CEMADEN",10,3.37,10.27,7,0.9,0.988,"mancha",7,"moda_mancha","jul"
"355280904A","SP",-23.604,-46.762,10,"CEMADEN",10,4.45,8.58,7,0.8,0.978,"mancha",7,"moda_mancha","jul"
"355410201A","SP",-23.03827,-45.573,10,"CEMADEN",10,0.89,7.52,7,1,1,"mancha",7,"moda_mancha","jul"
"410040003A","PR",-25.343,-49.246,10,"CEMADEN",10,6.35,11.95,5,0.6,0.799,"mancha",5,"moda_mancha","mai"
"410040004A","PR",-25.259,-49.301,10,"CEMADEN",10,8.36,19.89,5,0.7,0.801,"mancha",5,"moda_mancha","mai"
"410140803A","PR",-23.535992,-51.449794,10,"CEMADEN",10,10.09,24.55,8,0.9,0.988,"mancha",8,"moda_mancha","ago"
"410165501A","PR",-24.307,-51.784,10,"CEMADEN",10,11.49,24.23,8,0.9,0.854,"mancha",8,"moda_mancha","ago"
"410330501A","PR",-23.942,-51.59,10,"CEMADEN",10,0.29,23.38,8,1,1,"mancha",8,"moda_mancha","ago"
"410400602A","PR",-25.356,-49.109,10,"CEMADEN",10,4.09,16.55,5,0.5,0.739,"transicao",6,"media_circ_ponderada","jun"
"410410501A","PR",-25.98,-49.68408,10,"CEMADEN",10,0.38,23.03,5,0.8,0.888,"mancha",5,"moda_mancha","mai"
"410445101A","PR",-25.371891,-52.127045,10,"CEMADEN",10,1.28,26.94,8,1,1,"mancha",8,"moda_mancha","ago"
"410520101A","PR",-24.82449,-49.26312,10,"CEMADEN",10,2.37,24.39,8,0.5,0.739,"transicao",6,"media_circ_ponderada","jun"
"410580501A","PR",-25.3612,-49.1892,10,"CEMADEN",10,9.41,13.28,5,0.7,0.825,"mancha",5,"moda_mancha","mai"
"410650601A","PR",-25.97998,-52.56345,10,"CEMADEN",10,0.48,18.72,8,1,1,"mancha",8,"moda_mancha","ago"
"410690202A","PR",-25.3536,-49.25527,10,"CEMADEN",10,7.78,10.89,5,0.6,0.799,"mancha",5,"moda_mancha","mai"
"410690208A","PR",-25.384,-49.197,10,"CEMADEN",10,8.19,12.89,5,0.7,0.825,"mancha",5,"moda_mancha","mai"
"410690210A","PR",-25.555,-49.284,10,"CEMADEN",10,11.83,15.6,5,0.7,0.801,"mancha",5,"moda_mancha","mai"
"410830401A","PR",-25.47005,-54.58558,10,"CEMADEN",10,8.88,28.99,8,1,1,"mancha",8,"moda_mancha","ago"
"410830403A","PR",-25.573882,-54.570109,10,"CEMADEN",10,2.65,31.25,8,1,1,"mancha",8,"moda_mancha","ago"
"410930201A","PR",-25.1,-52.866,10,"CEMADEN",10,2.67,33.03,8,1,1,"mancha",8,"moda_mancha","ago"
"411070601A","PR",-25.47186,-50.65887,10,"CEMADEN",10,4.17,19.04,8,0.8,0.773,"mancha",8,"moda_mancha","ago"
"411200901A","PR",-24.278,-49.731,10,"CEMADEN",10,3.89,30.89,8,1,1,"mancha",8,"moda_mancha","ago"
"411200903A","PR",-24.26,-49.716,10,"CEMADEN",10,1.56,29.79,8,1,1,"mancha",8,"moda_mancha","ago"
"411705701A","PR",-25.30928,-52.53703,10,"CEMADEN",10,0.68,19.21,8,1,1,"mancha",8,"moda_mancha","ago"
"411950903A","PR",-25.45,-49.101,10,"CEMADEN",10,3.81,13.56,5,0.4,0.759,"mancha",5,"moda_mancha","mai"
"412060601A","PR",-25.21334,-50.97847,10,"CEMADEN",10,3.3,22.83,8,0.7,0.71,"mancha",8,"moda_mancha","ago"
"412220601A","PR",-25.167,-49.309,10,"CEMADEN",10,4.7,23.41,5,0.5,0.683,"transicao",6,"media_circ_ponderada","jun"
"412550602A","PR",-25.548,-49.156,10,"CEMADEN",10,3.36,17.73,5,0.5,0.739,"transicao",7,"media_circ_ponderada","jul"
"412570402A","PR",-25.344,-54.222,10,"CEMADEN",10,2.53,25.59,8,1,1,"mancha",8,"moda_mancha","ago"
"412790801A","PR",-23.872,-52.877,10,"CEMADEN",10,0.9,28.23,8,1,1,"mancha",8,"moda_mancha","ago"
"412820302A","PR",-26.251,-51.1,10,"CEMADEN",10,2.88,24.61,4,0.4,0.582,"transicao",4,"media_circ_ponderada","abr"
"420130704A","SC",-26.37228,-48.72337,10,"CEMADEN",10,14.56,31.73,8,0.6,0.94,"mancha",8,"moda_mancha","ago"
"420150501A","SC",-28.26208,-49.01585,10,"CEMADEN",10,0.41,20.4,6,0.4,0.799,"mancha",6,"moda_mancha","jun"
"420180202A","SC",-27.42093,-49.78439,10,"CEMADEN",10,5.32,28.25,4,0.5,0.941,"mancha",4,"moda_mancha","abr"
"420230501A","SC",-27.5421,-48.65434,10,"CEMADEN",10,7.47,31.25,7,0.5,0.945,"mancha",7,"moda_mancha","jul"
"420450903A","SC",-26.43862,-49.22865,10,"CEMADEN",10,7.27,20.87,8,0.7,0.869,"mancha",8,"moda_mancha","ago"
"420480601A","SC",-27.30408,-50.56729,10,"CEMADEN",10,7.68,33.22,5,0.5,0.747,"transicao",5,"media_circ_ponderada","mai"
"420630603A","SC",-27.0679,-48.96227,10,"CEMADEN",10,6.11,20.7,8,0.7,0.896,"mancha",8,"moda_mancha","ago"
"420650401A","SC",-26.475,-49.016,10,"CEMADEN",10,7.94,26.12,8,0.6,0.94,"mancha",8,"moda_mancha","ago"
"420650403A","SC",-26.47323,-48.95957,10,"CEMADEN",10,14.15,23.87,8,0.7,0.942,"mancha",8,"moda_mancha","ago"
"420750202A","SC",-26.88128,-49.23332,10,"CEMADEN",10,5.17,9.21,8,0.6,0.829,"mancha",8,"moda_mancha","ago"
"420800501A","SC",-27.27476,-52.34034,10,"CEMADEN",10,17.91,39.41,3,0.4,0.786,"mancha",3,"moda_mancha","mar"
"420820316A","SC",-26.894,-48.688,10,"CEMADEN",10,15.48,35.69,8,0.7,0.869,"mancha",8,"moda_mancha","ago"
"420890601A","SC",-26.4799,-49.082,10,"CEMADEN",10,1.72,28.44,8,0.5,0.941,"mancha",8,"moda_mancha","ago"
"420890606A","SC",-26.48459,-49.04547,10,"CEMADEN",10,4.79,28.39,8,0.6,0.94,"mancha",8,"moda_mancha","ago"
"420980501A","SC",-27.50424,-49.28839,10,"CEMADEN",10,0.38,24.48,8,0.3,0.711,"transicao",6,"media_circ_ponderada","jun"
"421100901A","SC",-27.10304,-53.39507,10,"CEMADEN",10,18.36,47.68,8,0.7,0.801,"mancha",8,"moda_mancha","ago"
"421330202A","SC",-27.481593,-50.380142,10,"CEMADEN",10,0.54,36.3,5,0.5,0.747,"transicao",5,"media_circ_ponderada","mai"
"421340101A","SC",-26.85814,-52.03214,10,"CEMADEN",10,8.53,36.59,8,0.5,0.45,"transicao",4,"media_circ_ponderada","abr"
"421530703A","SC",-26.97143,-50.00102,10,"CEMADEN",10,14.43,33.6,5,0.4,0.753,"mancha",5,"moda_mancha","mai"
"421567901A","SC",-26.65671,-49.99276,10,"CEMADEN",10,17.68,34.86,4,0.4,0.82,"mancha",4,"moda_mancha","abr"
"421860801A","SC",-27.300619,-49.791784,10,"CEMADEN",10,2.79,21.98,4,0.5,0.941,"mancha",4,"moda_mancha","abr"
"421930904A","SC",-27.00514,-51.0703,10,"CEMADEN",10,8.87,45.1,8,0.5,0.637,"transicao",6,"media_circ_ponderada","jun"
"430060402A","RS",-30.03555,-51.07962,10,"CEMADEN",10,10.59,38.42,4,0.4,0.766,"mancha",4,"moda_mancha","abr"
"430120601A","RS",-29.33448,-53.0845,10,"CEMADEN",10,21.4,48.35,4,0.3,0.38,"transicao",2,"media_circ_ponderada","fev"
"430235201A","RS",-29.489,-51.356,10,"CEMADEN",10,13.71,38.42,5,0.6,0.722,"transicao",4,"media_circ_ponderada","abr"
"430300402A","RS",-30.2557,-52.8021,10,"CEMADEN",10,26.5,43.98,12,0.7,0.567,"mancha",12,"moda_mancha","dez"
"430350901A","RS",-30.851,-51.817,10,"CEMADEN",10,1.89,29.99,3,0.3,0.584,"transicao",3,"media_circ_ponderada","mar"
"430450704A","RS",-31.46143,-52.6245,10,"CEMADEN",10,8.33,51.85,12,0.4,0.565,"transicao",3,"media_circ_ponderada","mar"
"430460601A","RS",-29.966,-51.19,10,"CEMADEN",10,9.87,33.4,4,0.4,0.784,"mancha",4,"moda_mancha","abr"
"430510801A","RS",-29.125,-51.179,10,"CEMADEN",10,7.94,33.3,5,0.7,0.78,"mancha",5,"moda_mancha","mai"
"430510802A","RS",-29.214,-51.282,10,"CEMADEN",10,10.8,33.09,5,0.7,0.78,"mancha",5,"moda_mancha","mai"
"430700502A","RS",-27.662,-52.261,10,"CEMADEN",10,20.43,44.95,3,0.5,0.826,"mancha",3,"moda_mancha","mar"
"430830001A","RS",-28.98485,-52.34445,10,"CEMADEN",10,20.51,28.77,5,0.7,0.914,"mancha",5,"moda_mancha","mai"
"430920901A","RS",-29.886,-50.998,10,"CEMADEN",10,19.53,33.39,4,0.5,0.901,"mancha",4,"moda_mancha","abr"
"431020703A","RS",-28.38866,-53.91609,10,"CEMADEN",10,2.44,40.81,3,0.4,0.412,"transicao",3,"media_circ_ponderada","mar"
"431320101A","RS",-29.37557,-51.11443,10,"CEMADEN",10,9.55,36.03,5,0.7,0.749,"mancha",5,"moda_mancha","mai"
"431410001A","RS",-28.252,-52.395,10,"CEMADEN",10,3.21,32.38,5,0.5,0.774,"mancha",5,"moda_mancha","mai"
"431410002A","RS",-28.245,-52.37,10,"CEMADEN",10,5,32.88,5,0.5,0.774,"mancha",5,"moda_mancha","mai"
"431440703A","RS",-31.746,-52.317,10,"CEMADEN",10,11.81,44.13,12,0.7,0.676,"mancha",12,"moda_mancha","dez"
"431540401A","RS",-27.662,-53.643,10,"CEMADEN",10,18.72,44.68,8,0.7,0.516,"mancha",8,"moda_mancha","ago"
"431690707A","RS",-29.727,-53.807,10,"CEMADEN",10,9.6,64.08,12,0.7,0.557,"mancha",12,"moda_mancha","dez"
"431720202A","RS",-27.86,-54.445,10,"CEMADEN",10,11.64,40.57,3,0.4,0.302,"transicao",3,"media_circ_ponderada","mar"
"432040401A","RS",-28.710219,-51.929817,10,"CEMADEN",10,12.28,28.1,5,0.6,0.828,"mancha",5,"moda_mancha","mai"
"432250903A","RS",-28.51772,-50.94647,10,"CEMADEN",10,27.59,48.9,5,0.6,0.94,"mancha",5,"moda_mancha","mai"
"432250904A","RS",-28.503,-50.94,10,"CEMADEN",10,27.15,50.17,5,0.6,0.94,"mancha",5,"moda_mancha","mai"
"432260802A","RS",-29.6,-52.195,10,"CEMADEN",10,28.31,50.99,5,0.3,0.151,"transicao",3,"media_circ_ponderada","mar"
"432300204A","RS",-30.078,-51.105,10,"CEMADEN",10,8.05,39.73,4,0.5,0.801,"mancha",4,"moda_mancha","abr"
"500540001A","MS",-21.63528,-55.1584,10,"CEMADEN",10,3.02,73.32,8,0.8,0.978,"mancha",8,"moda_mancha","ago"
"520025803A","GO",-15.754,-48.262,10,"CEMADEN",10,4.51,24.63,7,1,1,"mancha",7,"moda_mancha","jul"
"520110801A","GO",-16.350452,-48.958235,10,"CEMADEN",10,19.67,52.18,7,1,1,"mancha",7,"moda_mancha","jul"
"521190901A","GO",-17.887,-51.725,10,"CEMADEN",10,4.15,53.06,7,1,1,"mancha",7,"moda_mancha","jul"
"521460601A","GO",-14.458,-48.437,10,"CEMADEN",10,3.03,68.29,7,1,1,"mancha",7,"moda_mancha","jul"
"521460602A","GO",-14.466,-48.458,10,"CEMADEN",10,1,67.5,7,1,1,"mancha",7,"moda_mancha","jul"
"521830001A","GO",-14.093,-46.362,10,"CEMADEN",10,0.67,73.28,7,1,1,"mancha",7,"moda_mancha","jul"
"72810000","SC",-27.0881,-51.2581,15,"Telemetria",10,15.48,40.21,8,0.6,0.607,"transicao",6,"media_circ_ponderada","jun"
"A001","DF",-15.78944444,-47.92583332,60,"INMET subdiário",10,0.1,10.9,7,1,1,"mancha",7,"moda_mancha","jul"
"A002","GO",-16.64277777,-49.22027777,60,"INMET subdiário",10,5.89,42.13,7,1,1,"mancha",7,"moda_mancha","jul"
"A003","GO",-17.74499999,-49.10166666,60,"INMET subdiário",10,2.03,59.28,7,1,1,"mancha",7,"moda_mancha","jul"
"A009","TO",-10.14777777,-48.31444444,60,"INMET subdiário",10,0.1,69.64,7,0.9,0.988,"mancha",7,"moda_mancha","jul"
"A013","GO",-15.90277777,-52.24527777,60,"INMET subdiário",10,0.61,53.87,7,1,1,"mancha",7,"moda_mancha","jul"
"A014","GO",-15.93972221,-50.14138888,60,"INMET subdiário",10,0.16,61.63,7,1,1,"mancha",7,"moda_mancha","jul"
"A016","GO",-17.9236111,-51.71749999,60,"INMET subdiário",10,0.1,52.7,7,1,1,"mancha",7,"moda_mancha","jul"
"A019","TO",-11.74499999,-49.05166666,60,"INMET subdiário",10,9.41,80.67,7,1,1,"mancha",7,"moda_mancha","jul"
"A020","TO",-8.9686111,-48.17722221,60,"INMET subdiário",10,0.1,70.98,7,1,1,"mancha",7,"moda_mancha","jul"
"A025","GO",-17.78527777,-50.965,60,"INMET subdiário",10,0.76,56.4,7,1,1,"mancha",7,"moda_mancha","jul"
"A027","GO",-16.9625,-50.42555554,60,"INMET subdiário",10,2.81,54.42,7,1,1,"mancha",7,"moda_mancha","jul"
"A033","GO",-17.30416666,-48.28416666,60,"INMET subdiário",10,25.18,78.8,7,1,1,"mancha",7,"moda_mancha","jul"
"A034","GO",-18.154779,-47.927614,60,"INMET subdiário",10,3.79,51.16,7,1,1,"mancha",7,"moda_mancha","jul"
"A036","GO",-16.78499999,-47.61305555,60,"INMET subdiário",10,1.14,77.59,7,0.9,0.988,"mancha",7,"moda_mancha","jul"
"A045","DF",-15.59638888,-47.62583332,60,"INMET subdiário",10,5.88,17.11,7,0.9,0.988,"mancha",7,"moda_mancha","jul"
"A101","AM",-3.10333333,-60.01638888,60,"INMET subdiário",10,0.1,113.27,8,0.7,0.971,"mancha",8,"moda_mancha","ago"
"A111","AM",-7.26055555,-64.7886111,60,"INMET subdiário",10,0.18,127.09,8,0.6,0.967,"mancha",8,"moda_mancha","ago"
"A119","AM",-3.29472221,-60.62833332,60,"INMET subdiário",10,2.59,94.69,8,0.5,0.916,"mancha",8,"moda_mancha","ago"
"A125","AM",-2.6336111,-59.60055555,60,"INMET subdiário",10,13.26,75.27,8,0.8,0.978,"mancha",8,"moda_mancha","ago"
"A126","AM",-2.05666666,-60.02583332,60,"INMET subdiário",10,1.66,117.07,8,0.6,0.94,"mancha",8,"moda_mancha","ago"
"A134","AM",-0.12527777,-67.06111111,60,"INMET subdiário",10,0.1,103.06,11,0.6,0.844,"mancha",11,"moda_mancha","nov"
"A201","PA",-1.411228,-48.439512,60,"INMET subdiário",10,2.74,51.13,9,0.8,0.978,"mancha",9,"moda_mancha","set"
"A209","PA",-3.51083333,-52.96333333,60,"INMET subdiário",10,51.92,143.39,8,0.5,0.966,"mancha",8,"moda_mancha","ago"
"A301","PE",-8.05928,-34.959239,60,"INMET subdiário",10,0.12,11.82,11,1,1,"mancha",11,"moda_mancha","nov"
"A303","AL",-9.55111111,-35.77027777,60,"INMET subdiário",10,0.1,11.8,11,0.7,0.971,"mancha",11,"moda_mancha","nov"
"A307","PE",-9.38833333,-40.52333332,60,"INMET subdiário",10,0.1,13.53,8,0.9,0.988,"mancha",8,"moda_mancha","ago"
"A310","PB",-6.97555554,-35.71805554,60,"INMET subdiário",10,0.1,17.22,10,0.5,0.966,"mancha",10,"moda_mancha","out"
"A313","PB",-7.22555554,-35.90472222,60,"INMET subdiário",10,0.1,17.39,10,0.6,0.952,"mancha",10,"moda_mancha","out"
"A314","CE",-4.22916666,-38.95888888,60,"INMET subdiário",10,4.69,15.19,10,0.6,0.967,"mancha",10,"moda_mancha","out"
"A316","RN",-6.46749999,-37.08499999,60,"INMET subdiário",10,1.67,19.26,9,1,1,"mancha",9,"moda_mancha","set"
"A318","RN",-4.90416666,-37.36694443,60,"INMET subdiário",10,12.13,34.93,9,0.9,0.988,"mancha",9,"moda_mancha","set"
"A322","PE",-8.9108333300000009,-36.49333333,60,"INMET subdiário",10,0.1,26.42,9,0.5,0.759,"mancha",9,"moda_mancha","set"
"A329","PE",-8.50388888,-39.31527777,60,"INMET subdiário",10,0.46,23.3,8,0.8,0.978,"mancha",8,"moda_mancha","ago"
"A330","PI",-8.13222221,-41.14305555,60,"INMET subdiário",10,0.1,47.6,8,1,1,"mancha",8,"moda_mancha","ago"
"A332","CE",-5.0911111,-38.36472222,60,"INMET subdiário",10,2.29,23.72,9,0.7,0.971,"mancha",9,"moda_mancha","set"
"A333","PB",-6.835777,-38.311583,60,"INMET subdiário",10,0.1,19.31,9,0.7,0.971,"mancha",9,"moda_mancha","set"
"A342","CE",-5.18666666,-40.67222221,60,"INMET subdiário",10,0.44,31.98,9,0.8,0.978,"mancha",9,"moda_mancha","set"
"A348","PB",-7.48333333,-36.28638888,60,"INMET subdiário",10,0.99,26.58,9,0.6,0.967,"mancha",9,"moda_mancha","set"
"A354","PI",-6.97416666,-42.14694444,60,"INMET subdiário",10,4.54,51.19,8,0.7,0.971,"mancha",8,"moda_mancha","ago"
"A363","PI",-6.4236111,-41.74888888,60,"INMET subdiário",10,2.62,37.13,8,1,1,"mancha",8,"moda_mancha","ago"
"A365","PI",-8.11805554,-42.97583332,60,"INMET subdiário",10,2.87,71.3,8,0.6,0.967,"mancha",8,"moda_mancha","ago"
"A401","BA",-13.005515,-38.50576,60,"INMET subdiário",10,0.69,44.32,10,0.6,0.778,"mancha",10,"moda_mancha","out"
"A402","BA",-12.12472221,-45.02694443,60,"INMET subdiário",10,4.02,31.6,7,1,1,"mancha",7,"moda_mancha","jul"
"A406","BA",-12.67555554,-39.08944444,60,"INMET subdiário",10,0.1,36.02,10,0.3,0.224,"transicao",7,"media_circ_ponderada","jul"
"A407","BA",-13.52777777,-40.11972221,60,"INMET subdiário",10,0.25,38.27,7,0.7,0.703,"mancha",7,"moda_mancha","jul"
"A408","BA",-12.52416666,-40.29972221,60,"INMET subdiário",10,0.46,32.95,7,0.9,0.988,"mancha",7,"moda_mancha","jul"
"A409","SE",-10.9525,-37.05444444,60,"INMET subdiário",10,0.57,30.25,11,1,1,"mancha",11,"moda_mancha","nov"
"A414","BA",-14.88638888,-40.80138888,60,"INMET subdiário",10,0.1,47.08,7,0.7,0.971,"mancha",7,"moda_mancha","jul"
"A417","SE",-11.27249999,-37.79499999,60,"INMET subdiário",10,0.62,25.95,11,0.4,0.633,"transicao",10,"media_circ_ponderada","out"
"A425","BA",-12.55777777,-41.38888888,60,"INMET subdiário",10,0.1,28.13,7,0.7,0.923,"mancha",7,"moda_mancha","jul"
"A427","BA",-16.38888888,-39.18249999,60,"INMET subdiário",10,46.15,68.07,7,0.4,0.777,"mancha",7,"moda_mancha","jul"
"A429","BA",-11.08472221,-43.13888888,60,"INMET subdiário",10,0.1,41.2,7,0.9,0.988,"mancha",7,"moda_mancha","jul"
"A430","BA",-13.15555555,-41.77416666,60,"INMET subdiário",10,1.19,48.44,7,0.9,0.988,"mancha",7,"moda_mancha","jul"
"A431","BA",-12.035833330000001,-37.68388888,60,"INMET subdiário",10,8.4,33.26,11,0.4,0.777,"mancha",11,"moda_mancha","nov"
"A433","BA",-14.18194443,-41.67222221,60,"INMET subdiário",10,2.1,40.48,7,1,1,"mancha",7,"moda_mancha","jul"
"A434","BA",-13.00944444,-39.61694443,60,"INMET subdiário",10,3.82,28.54,7,0.7,0.879,"mancha",7,"moda_mancha","jul"
"A502","MG",-21.22833332,-43.76777777,60,"INMET subdiário",10,1.3,15.43,7,0.9,0.988,"mancha",7,"moda_mancha","jul"
"A505","MG",-19.60583333,-46.94972221,60,"INMET subdiário",10,0.1,46.73,7,1,1,"mancha",7,"moda_mancha","jul"
"A506","MG",-16.68638888,-43.84388888,60,"INMET subdiário",10,0.1,26.51,7,0.8,0.978,"mancha",7,"moda_mancha","jul"
"A507","MG",-18.91694443,-48.25555555,60,"INMET subdiário",10,10.73,57.93,7,1,1,"mancha",7,"moda_mancha","jul"
"A508","MG",-16.16666666,-40.68777777,60,"INMET subdiário",10,7.7,53.46,6,0.6,0.967,"mancha",6,"moda_mancha","jun"
"A509","MG",-22.86166666,-46.04333333,60,"INMET subdiário",10,10.47,20.37,7,1,1,"mancha",7,"moda_mancha","jul"
"A510","MG",-20.762607,-42.864013,60,"INMET subdiário",10,0.53,35.48,7,0.8,0.978,"mancha",7,"moda_mancha","jul"
"A511","MG",-19.57388888,-42.62249999,60,"INMET subdiário",10,5.97,46.31,7,0.8,0.978,"mancha",7,"moda_mancha","jul"
"A512","MG",-18.95277777,-49.52499999,60,"INMET subdiário",10,0.63,35.68,7,1,1,"mancha",7,"moda_mancha","jul"
"A513","MG",-20.55666666,-43.75611111,60,"INMET subdiário",10,7.59,35.3,7,1,1,"mancha",7,"moda_mancha","jul"
"A514","MG",-21.10638888,-44.25083333,60,"INMET subdiário",10,2.71,20.97,7,0.9,0.988,"mancha",7,"moda_mancha","jul"
"A516","MG",-20.745237,-46.633916,60,"INMET subdiário",10,11.27,58.63,7,1,1,"mancha",7,"moda_mancha","jul"
"A517","MG",-21.105,-42.37583332,60,"INMET subdiário",10,16.66,38.59,7,0.7,0.971,"mancha",7,"moda_mancha","jul"
"A518","MG",-21.769965,-43.364329,60,"INMET subdiário",10,0.1,22.87,7,1,1,"mancha",7,"moda_mancha","jul"
"A519","MG",-19.53921,-49.518133,60,"INMET subdiário",10,3.9,48.92,7,1,1,"mancha",7,"moda_mancha","jul"
"A520","MG",-19.98583333,-48.15166666,60,"INMET subdiário",10,26.55,34.82,7,0.9,0.988,"mancha",7,"moda_mancha","jul"
"A521","MG",-19.88388888,-43.96944443,60,"INMET subdiário",10,5.92,17.07,7,1,1,"mancha",7,"moda_mancha","jul"
"A523","MG",-18.99666666,-46.98583333,60,"INMET subdiário",10,7.7,43.37,7,1,1,"mancha",7,"moda_mancha","jul"
"A524","MG",-20.455,-45.45388888,60,"INMET subdiário",10,3.86,45.55,7,1,1,"mancha",7,"moda_mancha","jul"
"A525","MG",-19.87527777,-47.43416666,60,"INMET subdiário",10,8.83,38.83,7,1,1,"mancha",7,"moda_mancha","jul"
"A527","MG",-17.89277777,-41.51555555,60,"INMET subdiário",10,3.69,45.87,6,0.9,0.988,"mancha",6,"moda_mancha","jun"
"A528","MG",-18.200855,-45.459836,60,"INMET subdiário",10,19.38,65.66,7,0.9,0.988,"mancha",7,"moda_mancha","jul"
"A530","MG",-21.91805554,-46.38305554,60,"INMET subdiário",10,0.4,33.83,7,1,1,"mancha",7,"moda_mancha","jul"
"A531","MG",-22.31444444,-45.37305554,60,"INMET subdiário",10,0.1,19.84,7,1,1,"mancha",7,"moda_mancha","jul"
"A532","MG",-18.83027777,-41.97694443,60,"INMET subdiário",10,5.32,39.83,7,0.7,0.971,"mancha",7,"moda_mancha","jul"
"A533","MG",-18.78694444,-42.94305555,60,"INMET subdiário",10,2.11,58.5,7,0.7,0.971,"mancha",7,"moda_mancha","jul"
"A535","MG",-19.88527777,-44.41694443,60,"INMET subdiário",10,0.62,11.46,7,1,1,"mancha",7,"moda_mancha","jul"
"A536","MG",-19.48194443,-45.59388888,60,"INMET subdiário",10,1.72,42.42,7,0.9,0.988,"mancha",7,"moda_mancha","jul"
"A537","MG",-18.231052,-43.648269,60,"INMET subdiário",10,3.29,60.44,7,0.8,0.978,"mancha",7,"moda_mancha","jul"
"A538","MG",-18.74777777,-44.45388888,60,"INMET subdiário",10,0.5,36.02,7,0.9,0.988,"mancha",7,"moda_mancha","jul"
"A539","MG",-15.08583333,-44.01611111,60,"INMET subdiário",10,0.1,38.33,6,0.5,0.966,"mancha",6,"moda_mancha","jun"
"A540","MG",-18.78062,-40.986505,60,"INMET subdiário",10,10.91,32.13,6,0.9,0.988,"mancha",6,"moda_mancha","jun"
"A541","MG",-17.70555555,-42.38916666,60,"INMET subdiário",10,15.28,56.93,6,0.7,0.971,"mancha",6,"moda_mancha","jun"
"A542","MG",-16.55416666,-46.88194443,60,"INMET subdiário",10,18.06,54.61,7,1,1,"mancha",7,"moda_mancha","jul"
"A544","MG",-15.52416666,-46.43555555,60,"INMET subdiário",10,10.42,64.94,7,0.9,0.988,"mancha",7,"moda_mancha","jul"
"A545","MG",-17.258064,-44.835556,60,"INMET subdiário",10,13.86,40.71,7,0.6,0.967,"mancha",7,"moda_mancha","jul"
"A547","MG",-16.36277777,-45.12388888,60,"INMET subdiário",10,4.67,41.94,7,0.9,0.988,"mancha",7,"moda_mancha","jul"
"A550","MG",-16.57555554,-41.48555555,60,"INMET subdiário",10,2.11,48.57,6,0.5,0.966,"mancha",6,"moda_mancha","jun"
"A551","MG",-15.72305554,-42.43583333,60,"INMET subdiário",10,18.58,56.11,6,0.6,0.967,"mancha",6,"moda_mancha","jun"
"A552","MG",-16.16027777,-42.31027777,60,"INMET subdiário",10,2.88,51.44,6,0.6,0.967,"mancha",6,"moda_mancha","jun"
"A554","MG",-19.73583333,-42.13722221,60,"INMET subdiário",10,0.56,39.17,7,0.7,0.971,"mancha",7,"moda_mancha","jul"
"A555","MG",-20.03138888,-44.01111111,60,"INMET subdiário",10,3.79,13.57,7,1,1,"mancha",7,"moda_mancha","jul"
"A564","MG",-20.17333332,-44.87499999,60,"INMET subdiário",10,4.46,40.44,7,0.9,0.988,"mancha",7,"moda_mancha","jul"
"A601","RJ",-22.75777777,-43.68472221,60,"INMET subdiário",10,0.1,23,7,0.6,0.967,"mancha",7,"moda_mancha","jul"
"A602","RJ",-23.05027777,-43.59555555,60,"INMET subdiário",10,15.75,30.89,8,0.7,0.914,"mancha",8,"moda_mancha","ago"
"A603","RJ",-22.58972221,-43.28222221,60,"INMET subdiário",10,12.64,25.36,7,0.8,0.978,"mancha",7,"moda_mancha","jul"
"A604","RJ",-21.58749999,-41.95833333,60,"INMET subdiário",10,5.15,24.58,7,0.6,0.967,"mancha",7,"moda_mancha","jul"
"A606","RJ",-22.97527777,-42.02138888,60,"INMET subdiário",10,1.09,68.6,7,0.6,0.967,"mancha",7,"moda_mancha","jul"
"A607","RJ",-21.71472222,-41.34388888,60,"INMET subdiário",10,3.32,42.03,7,0.7,0.961,"mancha",7,"moda_mancha","jul"
"A609","RJ",-22.45138888,-44.44499999,60,"INMET subdiário",10,0.58,14.83,7,0.9,0.988,"mancha",7,"moda_mancha","jul"
"A610","RJ",-22.46472222,-43.29138888,60,"INMET subdiário",10,13.76,22.43,7,1,1,"mancha",7,"moda_mancha","jul"
"A611","RJ",-22.35805555,-43.69555555,60,"INMET subdiário",10,5.45,19.74,7,1,1,"mancha",7,"moda_mancha","jul"
"A612","ES",-20.27083332,-40.30583333,60,"INMET subdiário",10,5.68,29.49,6,0.6,0.967,"mancha",6,"moda_mancha","jun"
"A613","ES",-19.98833333,-40.57944443,60,"INMET subdiário",10,4.91,18.6,6,0.7,0.971,"mancha",6,"moda_mancha","jun"
"A614","ES",-19.35694444,-40.0686111,60,"INMET subdiário",10,6.52,40.58,6,0.9,0.988,"mancha",6,"moda_mancha","jun"
"A615","ES",-20.63638888,-40.74194444,60,"INMET subdiário",10,0.96,22.26,7,1,1,"mancha",7,"moda_mancha","jul"
"A616","ES",-18.6761111,-39.86416666,60,"INMET subdiário",10,4.08,34.7,6,1,1,"mancha",6,"moda_mancha","jun"
"A617","ES",-20.75055555,-41.48888888,60,"INMET subdiário",10,2.56,27.63,7,1,1,"mancha",7,"moda_mancha","jul"
"A619","RJ",-23.2236111,-44.72694443,60,"INMET subdiário",10,4.14,17.6,7,0.6,0.967,"mancha",7,"moda_mancha","jul"
"A621","RJ",-22.86138888,-43.41138888,60,"INMET subdiário",10,1.67,18.77,8,0.7,0.914,"mancha",8,"moda_mancha","ago"
"A624","RJ",-22.33472221,-42.67694443,60,"INMET subdiário",10,5.75,14.9,7,1,1,"mancha",7,"moda_mancha","jul"
"A701","SP",-23.4962888,-46.6200666,60,"INMET subdiário",10,0.1,4.19,7,0.7,0.971,"mancha",7,"moda_mancha","jul"
"A702","MS",-20.44722221,-54.72249999,60,"INMET subdiário",10,0.1,33.3,7,0.5,0.934,"mancha",7,"moda_mancha","jul"
"A703","MS",-22.5525,-55.71638888,60,"INMET subdiário",10,0.49,81.07,8,0.7,0.942,"mancha",8,"moda_mancha","ago"
"A704","MS",-20.79499999,-51.71333333,60,"INMET subdiário",10,0.1,33.95,7,1,1,"mancha",7,"moda_mancha","jul"
"A705","SP",-22.35805555,-49.02888888,60,"INMET subdiário",10,4.62,15.85,7,1,1,"mancha",7,"moda_mancha","jul"
"A706","SP",-22.75027777,-45.60388888,60,"INMET subdiário",10,0.43,9.23,7,1,1,"mancha",7,"moda_mancha","jul"
"A707","SP",-22.11999999,-51.40861111,60,"INMET subdiário",10,0.1,18.92,7,1,1,"mancha",7,"moda_mancha","jul"
"A708","SP",-20.58444444,-47.38249999,60,"INMET subdiário",10,0.1,11.8,7,0.8,0.978,"mancha",7,"moda_mancha","jul"
"A709","MS",-22.30055555,-53.82277777,60,"INMET subdiário",10,0.1,51.55,8,0.5,0.941,"mancha",8,"moda_mancha","ago"
"A711","SP",-21.98027777,-47.88388888,60,"INMET subdiário",10,0.43,12.12,7,1,1,"mancha",7,"moda_mancha","jul"
"A712","SP",-24.67166666,-47.54583333,60,"INMET subdiário",10,0.1,20.87,8,1,1,"mancha",8,"moda_mancha","ago"
"A714","SP",-23.98194443,-48.88583333,60,"INMET subdiário",10,6.33,20.51,7,0.4,0.925,"mancha",7,"moda_mancha","jul"
"A716","SP",-23.00055555,-49.84333333,60,"INMET subdiário",10,1.12,16.21,7,0.9,0.988,"mancha",7,"moda_mancha","jul"
"A718","SP",-22.37277777,-50.97472221,60,"INMET subdiário",10,7.27,31.28,7,1,1,"mancha",7,"moda_mancha","jul"
"A719","MS",-20.47555554,-55.78388888,60,"INMET subdiário",10,1.89,52.8,7,0.5,0.934,"mancha",7,"moda_mancha","jul"
"A722","MS",-20.39555555,-56.43166666,60,"INMET subdiário",10,17.63,79.86,7,0.7,0.961,"mancha",7,"moda_mancha","jul"
"A726","SP",-22.70305555,-47.62333332,60,"INMET subdiário",10,2.98,9.67,7,0.9,0.988,"mancha",7,"moda_mancha","jul"
"A728","SP",-23.04166666,-45.52083332,60,"INMET subdiário",10,0.63,7.2,7,1,1,"mancha",7,"moda_mancha","jul"
"A729","SP",-20.403221,-49.966031,60,"INMET subdiário",10,2.43,11.28,7,1,1,"mancha",7,"moda_mancha","jul"
"A733","SP",-20.165,-50.59499999,60,"INMET subdiário",10,9.73,25.62,7,1,1,"mancha",7,"moda_mancha","jul"
"A734","SP",-21.31916666,-50.930277769999996,60,"INMET subdiário",10,7.06,21.89,7,1,1,"mancha",7,"moda_mancha","jul"
"A739","SP",-22.415,-46.805277769999996,60,"INMET subdiário",10,4.09,15.21,7,0.9,0.988,"mancha",7,"moda_mancha","jul"
"A741","SP",-22.4711111,-48.5575,60,"INMET subdiário",10,3.37,16.28,7,1,1,"mancha",7,"moda_mancha","jul"
"A742","MS",-19.12249999,-51.72083332,60,"INMET subdiário",10,20.75,60.45,7,1,1,"mancha",7,"moda_mancha","jul"
"A743","MS",-21.77499999,-54.52805554,60,"INMET subdiário",10,9.02,57.37,8,0.8,0.978,"mancha",8,"moda_mancha","ago"
"A748","SP",-20.55916666,-48.54499999,60,"INMET subdiário",10,2.55,19.89,7,0.9,0.988,"mancha",7,"moda_mancha","jul"
"A751","MS",-23.96694443,-55.02416666,60,"INMET subdiário",10,36.26,88.69,8,1,1,"mancha",8,"moda_mancha","ago"
"A752","MS",-23.44944444,-54.18194443,60,"INMET subdiário",10,23.49,53.85,8,0.9,0.954,"mancha",8,"moda_mancha","ago"
"A756","MS",-20.44444444,-52.87583332,60,"INMET subdiário",10,2.89,74.22,7,0.9,0.988,"mancha",7,"moda_mancha","jul"
"A801","RS",-30.05351111,-51.17472221,60,"INMET subdiário",10,0.1,33.34,4,0.4,0.784,"mancha",4,"moda_mancha","abr"
"A802","RS",-32.07888888,-52.16777777,60,"INMET subdiário",10,0.28,52.8,12,0.8,0.806,"mancha",12,"moda_mancha","dez"
"A803","RS",-29.72499999,-53.72055554,60,"INMET subdiário",10,0.1,64.18,12,0.7,0.557,"mancha",12,"moda_mancha","dez"
"A804","RS",-30.75055555,-55.40138888,60,"INMET subdiário",10,25.62,72.85,8,0.5,0.385,"transicao",8,"media_circ_ponderada","ago"
"A805","RS",-27.85444444,-53.7911111,60,"INMET subdiário",10,1.66,43.95,8,0.5,0.149,"transicao",7,"media_circ_ponderada","jul"
"A806","SC",-27.6025,-48.61999999,60,"INMET subdiário",10,0.28,36.17,8,0.5,0.941,"mancha",8,"moda_mancha","ago"
"A807","PR",-25.4486111,-49.23055554,60,"INMET subdiário",10,0.17,14.39,5,0.7,0.879,"mancha",5,"moda_mancha","mai"
"A809","RS",-29.83999999,-57.08194443,60,"INMET subdiário",10,0.22,79.01,8,0.7,0.961,"mancha",8,"moda_mancha","ago"
"A811","RS",-31.40333333,-52.70083333,60,"INMET subdiário",10,3.06,47.28,12,0.4,0.573,"transicao",3,"media_circ_ponderada","mar"
"A812","RS",-30.54527777,-53.46694443,60,"INMET subdiário",10,3.16,40.87,12,0.5,0.675,"transicao",2,"media_circ_ponderada","fev"
"A813","RS",-29.87222221,-52.38194443,60,"INMET subdiário",10,12.83,58.55,3,0.2,0.224,"transicao",12,"media_circ_ponderada","dez"
"A814","SC",-28.53249999,-49.31527777,60,"INMET subdiário",10,0.59,26.89,7,0.3,0.795,"mancha",7,"moda_mancha","jul"
"A815","SC",-28.27555554,-49.93472221,60,"INMET subdiário",10,0.72,43.1,5,1,1,"mancha",5,"moda_mancha","mai"
"A817","SC",-26.91361111,-49.26805554,60,"INMET subdiário",10,0.1,11.84,8,0.5,0.783,"mancha",8,"moda_mancha","ago"
"A820","PR",-24.53333333,-54.01916666,60,"INMET subdiário",10,14.13,28.54,8,1,1,"mancha",8,"moda_mancha","ago"
"A821","PR",-23.50527777,-49.94638888,60,"INMET subdiário",10,8.86,22.53,7,0.5,0.966,"mancha",7,"moda_mancha","jul"
"A823","PR",-25.56777777,-51.07805554,60,"INMET subdiário",10,0.93,20.28,8,0.9,0.854,"mancha",8,"moda_mancha","ago"
"A826","RS",-29.70916666,-55.52555554,60,"INMET subdiário",10,3.3,56.15,8,1,1,"mancha",8,"moda_mancha","ago"
"A827","RS",-31.34777777,-54.01333333,60,"INMET subdiário",10,12.68,58.66,12,0.7,0.825,"mancha",12,"moda_mancha","dez"
"A828","RS",-27.65777777,-52.30583333,60,"INMET subdiário",10,19.71,49.14,3,0.5,0.826,"mancha",3,"moda_mancha","mar"
"A829","RS",-28.7486111,-50.05777777,60,"INMET subdiário",10,3.99,42.46,5,0.8,0.825,"mancha",5,"moda_mancha","mai"
"A831","RS",-30.3686111,-56.43722221,60,"INMET subdiário",10,3.6,62.64,8,0.7,0.801,"mancha",8,"moda_mancha","ago"
"A832","RS",-30.34138888,-54.31083333,60,"INMET subdiário",10,1.62,68.93,12,0.5,0.487,"transicao",10,"media_circ_ponderada","out"
"A833","RS",-29.191599,-54.885653,60,"INMET subdiário",10,3.36,40.17,8,0.8,0.6,"mancha",8,"moda_mancha","ago"
"A836","RS",-32.53472221,-53.37583332,60,"INMET subdiário",10,1.76,92.48,12,0.7,0.762,"mancha",12,"moda_mancha","dez"
"A837","RS",-28.859211,-52.542387,60,"INMET subdiário",10,9.39,31.34,5,0.7,0.845,"mancha",5,"moda_mancha","mai"
"A839","RS",-28.22666666,-52.40361111,60,"INMET subdiário",10,0.95,34.66,5,0.5,0.774,"mancha",5,"moda_mancha","mai"
"A840","RS",-29.164581,-51.534202,60,"INMET subdiário",10,0.1,37.06,5,0.5,0.629,"transicao",4,"media_circ_ponderada","abr"
"A841","SC",-27.16916666,-51.55888888,60,"INMET subdiário",10,6.51,41.73,8,0.5,0.525,"transicao",7,"media_circ_ponderada","jul"
"A843","PR",-25.69916666,-53.09527777,60,"INMET subdiário",10,11.09,20.44,8,1,1,"mancha",8,"moda_mancha","ago"
"A844","RS",-28.222381,-51.512845,60,"INMET subdiário",10,0.41,40.48,4,0.5,0.934,"mancha",4,"moda_mancha","abr"
"A848","SC",-26.286562,-53.633114,60,"INMET subdiário",10,2.03,26.44,8,1,1,"mancha",8,"moda_mancha","ago"
"A852","RS",-28.41722221,-54.9625,60,"INMET subdiário",10,0.1,56.19,8,0.8,0.615,"mancha",8,"moda_mancha","ago"
"A853","RS",-28.60344,-53.673597,60,"INMET subdiário",10,7.65,37.29,3,0.3,0.39,"transicao",2,"media_circ_ponderada","fev"
"A854","RS",-27.39555555,-53.42944443,60,"INMET subdiário",10,5.24,46.66,8,0.9,0.906,"mancha",8,"moda_mancha","ago"
"A858","SC",-26.9386111,-52.39805555,60,"INMET subdiário",10,9.84,41.41,8,0.5,0.387,"transicao",4,"media_circ_ponderada","abr"
"A859","SC",-26.81916666,-50.98555555,60,"INMET subdiário",10,6.04,38.49,8,0.5,0.643,"transicao",5,"media_circ_ponderada","mai"
"A860","SC",-27.2886111,-50.60416666,60,"INMET subdiário",10,3.29,36.07,5,0.4,0.686,"transicao",4,"media_circ_ponderada","abr"
"A867","SC",-28.931353,-49.49792,60,"INMET subdiário",10,11.87,25.04,6,0.4,0.837,"mancha",6,"moda_mancha","jun"
"A868","SC",-26.95083333,-48.76194444,60,"INMET subdiário",10,9.16,32.65,8,0.7,0.896,"mancha",8,"moda_mancha","ago"
"A871","PR",-23.77333332,-50.18055554,60,"INMET subdiário",10,6.47,23.1,8,0.9,0.988,"mancha",8,"moda_mancha","ago"
"A873","PR",-25.50888888,-48.80861111,60,"INMET subdiário",10,1.33,13.78,8,0.7,0.971,"mancha",8,"moda_mancha","ago"
"A874","PR",-25.83555555,-50.36888888,60,"INMET subdiário",10,3.8,27.8,5,0.4,0.723,"transicao",5,"media_circ_ponderada","mai"
"A879","RS",-29.36888888,-50.82722221,60,"INMET subdiário",10,3.03,36.89,5,0.6,0.64,"transicao",4,"media_circ_ponderada","abr"
"A880","RS",-28.51361111,-50.88277777,60,"INMET subdiário",10,20.69,52.07,5,0.6,0.94,"mancha",5,"moda_mancha","mai"
"A884","RS",-29.67416666,-51.06416666,60,"INMET subdiário",10,19.44,39,5,0.5,0.727,"transicao",4,"media_circ_ponderada","abr"
"A902","MT",-14.65,-57.43166666,60,"INMET subdiário",10,4.55,61.97,7,0.9,0.988,"mancha",7,"moda_mancha","jul"
"A913","MT",-13.70805555,-59.7625,60,"INMET subdiário",10,7.79,137.73,7,0.8,0.978,"mancha",7,"moda_mancha","jul"
"A920","MT",-11.37499999,-58.77472221,60,"INMET subdiário",10,7.23,104.14,7,1,1,"mancha",7,"moda_mancha","jul"
"A928","MT",-13.0386111,-57.09222221,60,"INMET subdiário",10,3.85,146.21,7,1,1,"mancha",7,"moda_mancha","jul"
"A932","MT",-16.34166666,-53.76611111,60,"INMET subdiário",10,1.37,69.16,7,1,1,"mancha",7,"moda_mancha","jul"
"F501","MG",-19.97999999,-43.95861111,60,"INMET subdiário",10,5.11,11.88,7,1,1,"mancha",7,"moda_mancha","jul"
