"gauge_code","n_duracoes_ok","min_anos","max_anos","duracoes_com_menos_30","estado","existe_na_minha_base","motivo_final"
"1036011",0,29,29,"1, 2, 3, 4, 5, 6, 7, 10","AL",TRUE,"NENHUMA DAS 8 DURAÇÕES TEM 30 ANOS"
"1040016",0,29,29,"1, 2, 3, 4, 5, 6, 7, 10","BA",TRUE,"NENHUMA DAS 8 DURAÇÕES TEM 30 ANOS"
"1138016",0,29,29,"1, 2, 3, 4, 5, 6, 7, 10","BA",TRUE,"NENHUMA DAS 8 DURAÇÕES TEM 30 ANOS"
"1138027",0,29,29,"1, 2, 3, 4, 5, 6, 7, 10","BA",TRUE,"NENHUMA DAS 8 DURAÇÕES TEM 30 ANOS"
"1139009",0,29,29,"1, 2, 3, 4, 5, 6, 7, 10","BA",TRUE,"NENHUMA DAS 8 DURAÇÕES TEM 30 ANOS"
"1140011",0,29,29,"1, 2, 3, 4, 5, 6, 7, 10","BA",TRUE,"NENHUMA DAS 8 DURAÇÕES TEM 30 ANOS"
"1140017",0,29,29,"1, 2, 3, 4, 5, 6, 7, 10","BA",TRUE,"NENHUMA DAS 8 DURAÇÕES TEM 30 ANOS"
"1144010",0,29,29,"1, 2, 3, 4, 5, 6, 7, 10","BA",TRUE,"NENHUMA DAS 8 DURAÇÕES TEM 30 ANOS"
"1239013",0,29,29,"1, 2, 3, 4, 5, 6, 7, 10","BA",TRUE,"NENHUMA DAS 8 DURAÇÕES TEM 30 ANOS"
"1242011",0,29,29,"1, 2, 3, 4, 5, 6, 7, 10","BA",TRUE,"NENHUMA DAS 8 DURAÇÕES TEM 30 ANOS"
"1243002",0,29,29,"1, 2, 3, 4, 5, 6, 7, 10","BA",TRUE,"NENHUMA DAS 8 DURAÇÕES TEM 30 ANOS"
"1340010",0,29,29,"1, 2, 3, 4, 5, 6, 7, 10","BA",TRUE,"NENHUMA DAS 8 DURAÇÕES TEM 30 ANOS"
"1341008",0,29,29,"1, 2, 3, 4, 5, 6, 7, 10","BA",TRUE,"NENHUMA DAS 8 DURAÇÕES TEM 30 ANOS"
"1439026",0,29,29,"1, 2, 3, 4, 5, 6, 7, 10","BA",TRUE,"NENHUMA DAS 8 DURAÇÕES TEM 30 ANOS"
"1439042",0,29,29,"1, 2, 3, 4, 5, 6, 7, 10","BA",TRUE,"NENHUMA DAS 8 DURAÇÕES TEM 30 ANOS"
"1441002",0,29,29,"1, 2, 3, 4, 5, 6, 7, 10","BA",TRUE,"NENHUMA DAS 8 DURAÇÕES TEM 30 ANOS"
"1443008",0,29,29,"1, 2, 3, 4, 5, 6, 7, 10","MG",TRUE,"NENHUMA DAS 8 DURAÇÕES TEM 30 ANOS"
"148017",0,29,29,"1, 2, 3, 4, 5, 6, 7, 10","PA",TRUE,"NENHUMA DAS 8 DURAÇÕES TEM 30 ANOS"
"1541004",0,29,29,"1, 2, 3, 4, 5, 6, 7, 10","MG",TRUE,"NENHUMA DAS 8 DURAÇÕES TEM 30 ANOS"
"1543004",0,29,29,"1, 2, 3, 4, 5, 6, 7, 10","MG",TRUE,"NENHUMA DAS 8 DURAÇÕES TEM 30 ANOS"
"1544010",0,29,29,"1, 2, 3, 4, 5, 6, 7, 10","MG",TRUE,"NENHUMA DAS 8 DURAÇÕES TEM 30 ANOS"
"1547000",0,29,29,"1, 2, 3, 4, 5, 6, 7, 10","GO",TRUE,"NENHUMA DAS 8 DURAÇÕES TEM 30 ANOS"
"1548009",0,29,29,"1, 2, 3, 4, 5, 6, 7, 10","DF",TRUE,"NENHUMA DAS 8 DURAÇÕES TEM 30 ANOS"
"2042005",0,29,29,"1, 2, 3, 4, 5, 6, 7, 10","MG",TRUE,"NENHUMA DAS 8 DURAÇÕES TEM 30 ANOS"
"2044047",0,29,29,"1, 2, 3, 4, 5, 6, 7, 10","MG",TRUE,"NENHUMA DAS 8 DURAÇÕES TEM 30 ANOS"
"2047104",0,29,29,"1, 2, 3, 4, 5, 6, 7, 10","SP",TRUE,"NENHUMA DAS 8 DURAÇÕES TEM 30 ANOS"
"2048054",0,29,29,"1, 2, 3, 4, 5, 6, 7, 10","SP",TRUE,"NENHUMA DAS 8 DURAÇÕES TEM 30 ANOS"
"2049022",0,29,29,"1, 2, 3, 4, 5, 6, 7, 10","SP",TRUE,"NENHUMA DAS 8 DURAÇÕES TEM 30 ANOS"
"2055003",0,29,29,"1, 2, 3, 4, 5, 6, 7, 10","MS",TRUE,"NENHUMA DAS 8 DURAÇÕES TEM 30 ANOS"
"2142019",0,29,29,"1, 2, 3, 4, 5, 6, 7, 10","RJ",TRUE,"NENHUMA DAS 8 DURAÇÕES TEM 30 ANOS"
"2142053",0,29,29,"1, 2, 3, 4, 5, 6, 7, 10","RJ",TRUE,"NENHUMA DAS 8 DURAÇÕES TEM 30 ANOS"
"2147009",0,29,29,"1, 2, 3, 4, 5, 6, 7, 10","SP",TRUE,"NENHUMA DAS 8 DURAÇÕES TEM 30 ANOS"
"2147105",0,29,29,"1, 2, 3, 4, 5, 6, 7, 10","SP",TRUE,"NENHUMA DAS 8 DURAÇÕES TEM 30 ANOS"
"2148094",0,29,29,"1, 2, 3, 4, 5, 6, 7, 10","SP",TRUE,"NENHUMA DAS 8 DURAÇÕES TEM 30 ANOS"
"2148097",0,29,29,"1, 2, 3, 4, 5, 6, 7, 10","SP",TRUE,"NENHUMA DAS 8 DURAÇÕES TEM 30 ANOS"
"2148098",0,29,29,"1, 2, 3, 4, 5, 6, 7, 10","SP",TRUE,"NENHUMA DAS 8 DURAÇÕES TEM 30 ANOS"
"2148100",0,29,29,"1, 2, 3, 4, 5, 6, 7, 10","SP",TRUE,"NENHUMA DAS 8 DURAÇÕES TEM 30 ANOS"
"2148101",0,29,29,"1, 2, 3, 4, 5, 6, 7, 10","SP",TRUE,"NENHUMA DAS 8 DURAÇÕES TEM 30 ANOS"
"2150006",0,29,29,"1, 2, 3, 4, 5, 6, 7, 10","SP",TRUE,"NENHUMA DAS 8 DURAÇÕES TEM 30 ANOS"
"2150014",0,29,29,"1, 2, 3, 4, 5, 6, 7, 10","SP",TRUE,"NENHUMA DAS 8 DURAÇÕES TEM 30 ANOS"
"2243072",0,29,29,"1, 2, 3, 4, 5, 6, 7, 10","RJ",TRUE,"NENHUMA DAS 8 DURAÇÕES TEM 30 ANOS"
"2243088",0,29,29,"1, 2, 3, 4, 5, 6, 7, 10","RJ",TRUE,"NENHUMA DAS 8 DURAÇÕES TEM 30 ANOS"
"2243107",0,29,29,"1, 2, 3, 4, 5, 6, 7, 10","RJ",TRUE,"NENHUMA DAS 8 DURAÇÕES TEM 30 ANOS"
"2243108",0,29,29,"1, 2, 3, 4, 5, 6, 7, 10","RJ",TRUE,"NENHUMA DAS 8 DURAÇÕES TEM 30 ANOS"
"2244025",0,29,29,"1, 2, 3, 4, 5, 6, 7, 10","SP",TRUE,"NENHUMA DAS 8 DURAÇÕES TEM 30 ANOS"
"2249027",0,29,29,"1, 2, 3, 4, 5, 6, 7, 10","SP",TRUE,"NENHUMA DAS 8 DURAÇÕES TEM 30 ANOS"
"2250015",0,29,29,"1, 2, 3, 4, 5, 6, 7, 10","SP",TRUE,"NENHUMA DAS 8 DURAÇÕES TEM 30 ANOS"
"2253003",0,29,29,"1, 2, 3, 4, 5, 6, 7, 10","SP",TRUE,"NENHUMA DAS 8 DURAÇÕES TEM 30 ANOS"
"2345045",0,29,29,"1, 2, 3, 4, 5, 6, 7, 10","SP",TRUE,"NENHUMA DAS 8 DURAÇÕES TEM 30 ANOS"
"2345060",0,29,29,"1, 2, 3, 4, 5, 6, 7, 10","SP",TRUE,"NENHUMA DAS 8 DURAÇÕES TEM 30 ANOS"
"2346006",0,29,29,"1, 2, 3, 4, 5, 6, 7, 10","SP",TRUE,"NENHUMA DAS 8 DURAÇÕES TEM 30 ANOS"
"2347144",0,29,29,"1, 2, 3, 4, 5, 6, 7, 10","SP",TRUE,"NENHUMA DAS 8 DURAÇÕES TEM 30 ANOS"
"2351070",0,29,29,"1, 2, 3, 4, 5, 6, 7, 10","PR",TRUE,"NENHUMA DAS 8 DURAÇÕES TEM 30 ANOS"
"2551031",0,29,29,"1, 2, 3, 4, 5, 6, 7, 10","PR",TRUE,"NENHUMA DAS 8 DURAÇÕES TEM 30 ANOS"
"2552017",0,29,29,"1, 2, 3, 4, 5, 6, 7, 10","PR",TRUE,"NENHUMA DAS 8 DURAÇÕES TEM 30 ANOS"
"2952006",0,29,29,"1, 2, 3, 4, 5, 6, 7, 10","RS",TRUE,"NENHUMA DAS 8 DURAÇÕES TEM 30 ANOS"
"339006",0,29,29,"1, 2, 3, 4, 5, 6, 7, 10","CE",TRUE,"NENHUMA DAS 8 DURAÇÕES TEM 30 ANOS"
"364001",0,29,29,"1, 2, 3, 4, 5, 6, 7, 10","AM",TRUE,"NENHUMA DAS 8 DURAÇÕES TEM 30 ANOS"
"437011",0,29,29,"1, 2, 3, 4, 5, 6, 7, 10","CE",TRUE,"NENHUMA DAS 8 DURAÇÕES TEM 30 ANOS"
"438014",0,29,29,"1, 2, 3, 4, 5, 6, 7, 10","CE",TRUE,"NENHUMA DAS 8 DURAÇÕES TEM 30 ANOS"
"438026",0,29,29,"1, 2, 3, 4, 5, 6, 7, 10","CE",TRUE,"NENHUMA DAS 8 DURAÇÕES TEM 30 ANOS"
"440008",0,29,29,"1, 2, 3, 4, 5, 6, 7, 10","CE",TRUE,"NENHUMA DAS 8 DURAÇÕES TEM 30 ANOS"
"440019",0,29,29,"1, 2, 3, 4, 5, 6, 7, 10","CE",TRUE,"NENHUMA DAS 8 DURAÇÕES TEM 30 ANOS"
"441001",0,29,29,"1, 2, 3, 4, 5, 6, 7, 10","PI",TRUE,"NENHUMA DAS 8 DURAÇÕES TEM 30 ANOS"
"535029",0,29,29,"1, 2, 3, 4, 5, 6, 7, 10","RN",TRUE,"NENHUMA DAS 8 DURAÇÕES TEM 30 ANOS"
"536004",0,29,29,"1, 2, 3, 4, 5, 6, 7, 10","RN",TRUE,"NENHUMA DAS 8 DURAÇÕES TEM 30 ANOS"
"536029",0,29,29,"1, 2, 3, 4, 5, 6, 7, 10","RN",TRUE,"NENHUMA DAS 8 DURAÇÕES TEM 30 ANOS"
"537002",0,29,29,"1, 2, 3, 4, 5, 6, 7, 10","RN",TRUE,"NENHUMA DAS 8 DURAÇÕES TEM 30 ANOS"
"537020",0,29,29,"1, 2, 3, 4, 5, 6, 7, 10","RN",TRUE,"NENHUMA DAS 8 DURAÇÕES TEM 30 ANOS"
"539028",0,29,29,"1, 2, 3, 4, 5, 6, 7, 10","CE",TRUE,"NENHUMA DAS 8 DURAÇÕES TEM 30 ANOS"
"636082",0,29,29,"1, 2, 3, 4, 5, 6, 7, 10","PB",TRUE,"NENHUMA DAS 8 DURAÇÕES TEM 30 ANOS"
"637017",0,29,29,"1, 2, 3, 4, 5, 6, 7, 10","RN",TRUE,"NENHUMA DAS 8 DURAÇÕES TEM 30 ANOS"
"638045",0,29,29,"1, 2, 3, 4, 5, 6, 7, 10","RN",TRUE,"NENHUMA DAS 8 DURAÇÕES TEM 30 ANOS"
"662001",0,29,29,"1, 2, 3, 4, 5, 6, 7, 10","AM",TRUE,"NENHUMA DAS 8 DURAÇÕES TEM 30 ANOS"
"735048",0,29,29,"1, 2, 3, 4, 5, 6, 7, 10","PE",TRUE,"NENHUMA DAS 8 DURAÇÕES TEM 30 ANOS"
"737010",0,29,29,"1, 2, 3, 4, 5, 6, 7, 10","PB",TRUE,"NENHUMA DAS 8 DURAÇÕES TEM 30 ANOS"
"738018",0,29,29,"1, 2, 3, 4, 5, 6, 7, 10","PB",TRUE,"NENHUMA DAS 8 DURAÇÕES TEM 30 ANOS"
"82296",0,29,29,"1, 2, 3, 4, 5, 6, 7, 10","PI",TRUE,"NENHUMA DAS 8 DURAÇÕES TEM 30 ANOS"
"82791",0,29,29,"1, 2, 3, 4, 5, 6, 7, 10","PB",TRUE,"NENHUMA DAS 8 DURAÇÕES TEM 30 ANOS"
"83075",0,29,29,"1, 2, 3, 4, 5, 6, 7, 10","SP",TRUE,"NENHUMA DAS 8 DURAÇÕES TEM 30 ANOS"
"83590",0,29,29,"1, 2, 3, 4, 5, 6, 7, 10","MG",TRUE,"NENHUMA DAS 8 DURAÇÕES TEM 30 ANOS"
"83596",0,29,29,"1, 2, 3, 4, 5, 6, 7, 10","ES",TRUE,"NENHUMA DAS 8 DURAÇÕES TEM 30 ANOS"
"83597",0,29,29,"1, 2, 3, 4, 5, 6, 7, 10","ES",TRUE,"NENHUMA DAS 8 DURAÇÕES TEM 30 ANOS"
"836023",0,29,29,"1, 2, 3, 4, 5, 6, 7, 10","PE",TRUE,"NENHUMA DAS 8 DURAÇÕES TEM 30 ANOS"
"836052",0,29,29,"1, 2, 3, 4, 5, 6, 7, 10","PE",TRUE,"NENHUMA DAS 8 DURAÇÕES TEM 30 ANOS"
"83686",0,29,29,"1, 2, 3, 4, 5, 6, 7, 10","MG",TRUE,"NENHUMA DAS 8 DURAÇÕES TEM 30 ANOS"
"837027",0,29,29,"1, 2, 3, 4, 5, 6, 7, 10","PE",TRUE,"NENHUMA DAS 8 DURAÇÕES TEM 30 ANOS"
"936009",0,29,29,"1, 2, 3, 4, 5, 6, 7, 10","PE",TRUE,"NENHUMA DAS 8 DURAÇÕES TEM 30 ANOS"
"938017",0,29,29,"1, 2, 3, 4, 5, 6, 7, 10","BA",TRUE,"NENHUMA DAS 8 DURAÇÕES TEM 30 ANOS"
"938028",0,29,29,"1, 2, 3, 4, 5, 6, 7, 10","BA",TRUE,"NENHUMA DAS 8 DURAÇÕES TEM 30 ANOS"
"939002",0,29,29,"1, 2, 3, 4, 5, 6, 7, 10","BA",TRUE,"NENHUMA DAS 8 DURAÇÕES TEM 30 ANOS"
"1040001",0,28,28,"1, 2, 3, 4, 5, 6, 7, 10","BA",TRUE,"NENHUMA DAS 8 DURAÇÕES TEM 30 ANOS"
"1042004",0,28,28,"1, 2, 3, 4, 5, 6, 7, 10","BA",TRUE,"NENHUMA DAS 8 DURAÇÕES TEM 30 ANOS"
"1239017",0,28,28,"1, 2, 3, 4, 5, 6, 7, 10","BA",TRUE,"NENHUMA DAS 8 DURAÇÕES TEM 30 ANOS"
"1243009",0,28,28,"1, 2, 3, 4, 5, 6, 7, 10","BA",TRUE,"NENHUMA DAS 8 DURAÇÕES TEM 30 ANOS"
"1244013",0,28,28,"1, 2, 3, 4, 5, 6, 7, 10","BA",TRUE,"NENHUMA DAS 8 DURAÇÕES TEM 30 ANOS"
"1441006",0,28,28,"1, 2, 3, 4, 5, 6, 7, 10","BA",TRUE,"NENHUMA DAS 8 DURAÇÕES TEM 30 ANOS"
"1441014",0,28,28,"1, 2, 3, 4, 5, 6, 7, 10","BA",TRUE,"NENHUMA DAS 8 DURAÇÕES TEM 30 ANOS"
"1542003",0,28,28,"1, 2, 3, 4, 5, 6, 7, 10","MG",TRUE,"NENHUMA DAS 8 DURAÇÕES TEM 30 ANOS"
"1542008",0,28,28,"1, 2, 3, 4, 5, 6, 7, 10","MG",TRUE,"NENHUMA DAS 8 DURAÇÕES TEM 30 ANOS"
"1542009",0,28,28,"1, 2, 3, 4, 5, 6, 7, 10","MG",TRUE,"NENHUMA DAS 8 DURAÇÕES TEM 30 ANOS"
"1543011",0,28,28,"1, 2, 3, 4, 5, 6, 7, 10","MG",TRUE,"NENHUMA DAS 8 DURAÇÕES TEM 30 ANOS"
"1642006",0,28,28,"1, 2, 3, 4, 5, 6, 7, 10","MG",TRUE,"NENHUMA DAS 8 DURAÇÕES TEM 30 ANOS"
"1643004",0,28,28,"1, 2, 3, 4, 5, 6, 7, 10","MG",TRUE,"NENHUMA DAS 8 DURAÇÕES TEM 30 ANOS"
"1644000",0,28,28,"1, 2, 3, 4, 5, 6, 7, 10","MG",TRUE,"NENHUMA DAS 8 DURAÇÕES TEM 30 ANOS"
"2054001",0,28,28,"1, 2, 3, 4, 5, 6, 7, 10","MS",TRUE,"NENHUMA DAS 8 DURAÇÕES TEM 30 ANOS"
"2143055",0,28,28,"1, 2, 3, 4, 5, 6, 7, 10","MG",TRUE,"NENHUMA DAS 8 DURAÇÕES TEM 30 ANOS"
"2143056",0,28,28,"1, 2, 3, 4, 5, 6, 7, 10","MG",TRUE,"NENHUMA DAS 8 DURAÇÕES TEM 30 ANOS"
"2243141",0,28,28,"1, 2, 3, 4, 5, 6, 7, 10","RJ",TRUE,"NENHUMA DAS 8 DURAÇÕES TEM 30 ANOS"
"2345026",0,28,28,"1, 2, 3, 4, 5, 6, 7, 10","SP",TRUE,"NENHUMA DAS 8 DURAÇÕES TEM 30 ANOS"
"440027",0,28,28,"1, 2, 3, 4, 5, 6, 7, 10","CE",TRUE,"NENHUMA DAS 8 DURAÇÕES TEM 30 ANOS"
"468003",0,28,28,"1, 2, 3, 4, 5, 6, 7, 10","AM",TRUE,"NENHUMA DAS 8 DURAÇÕES TEM 30 ANOS"
"535014",0,28,28,"1, 2, 3, 4, 5, 6, 7, 10","RN",TRUE,"NENHUMA DAS 8 DURAÇÕES TEM 30 ANOS"
"538001",0,28,28,"1, 2, 3, 4, 5, 6, 7, 10","CE",TRUE,"NENHUMA DAS 8 DURAÇÕES TEM 30 ANOS"
"538016",0,28,28,"1, 2, 3, 4, 5, 6, 7, 10","CE",TRUE,"NENHUMA DAS 8 DURAÇÕES TEM 30 ANOS"
"740007",0,28,28,"1, 2, 3, 4, 5, 6, 7, 10","CE",TRUE,"NENHUMA DAS 8 DURAÇÕES TEM 30 ANOS"
"8051012",0,28,28,"1, 2, 3, 4, 5, 6, 7, 10","AP",TRUE,"NENHUMA DAS 8 DURAÇÕES TEM 30 ANOS"
"835051",0,28,28,"1, 2, 3, 4, 5, 6, 7, 10","PE",TRUE,"NENHUMA DAS 8 DURAÇÕES TEM 30 ANOS"
"83929",0,28,28,"1, 2, 3, 4, 5, 6, 7, 10","RS",TRUE,"NENHUMA DAS 8 DURAÇÕES TEM 30 ANOS"
"939011",0,28,28,"1, 2, 3, 4, 5, 6, 7, 10","BA",TRUE,"NENHUMA DAS 8 DURAÇÕES TEM 30 ANOS"
"1442011",0,27,27,"1, 2, 3, 4, 5, 6, 7, 10","BA",TRUE,"NENHUMA DAS 8 DURAÇÕES TEM 30 ANOS"
"2752016",0,27,27,"1, 2, 3, 4, 5, 6, 7, 10","SC",TRUE,"NENHUMA DAS 8 DURAÇÕES TEM 30 ANOS"
"83013",0,27,27,"1, 2, 3, 4, 5, 6, 7, 10","ES",TRUE,"NENHUMA DAS 8 DURAÇÕES TEM 30 ANOS"
"838018",0,27,27,"1, 2, 3, 4, 5, 6, 7, 10","PE",TRUE,"NENHUMA DAS 8 DURAÇÕES TEM 30 ANOS"
"944004",0,27,27,"1, 2, 3, 4, 5, 6, 7, 10","PI",TRUE,"NENHUMA DAS 8 DURAÇÕES TEM 30 ANOS"
"1441015",0,26,26,"1, 2, 3, 4, 5, 6, 7, 10","BA",TRUE,"NENHUMA DAS 8 DURAÇÕES TEM 30 ANOS"
"1543001",0,26,26,"1, 2, 3, 4, 5, 6, 7, 10","MG",TRUE,"NENHUMA DAS 8 DURAÇÕES TEM 30 ANOS"
"540023",0,26,26,"1, 2, 3, 4, 5, 6, 7, 10","CE",TRUE,"NENHUMA DAS 8 DURAÇÕES TEM 30 ANOS"
"1841015",0,25,25,"1, 2, 3, 4, 5, 6, 7, 10","MG",TRUE,"NENHUMA DAS 8 DURAÇÕES TEM 30 ANOS"
"1957006",0,0,0,"1, 2, 3, 4, 5, 6, 7, 10",NA,FALSE,"ESTAÇÃO NÃO EXISTE NA MINHA BASE DE IMAX"
"2554001",0,0,0,"1, 2, 3, 4, 5, 6, 7, 10",NA,FALSE,"ESTAÇÃO NÃO EXISTE NA MINHA BASE DE IMAX"
