"gauge_code","1d","2d","3d","4d","5d","6d","7d","10d","estado","n_duracoes_ok","min_anos","max_anos","motivo_final"
"1036011",29,29,29,29,29,29,29,29,"AL",0,29,29,"NENHUMA DAS 8 DURAÇÕES TEM 30 ANOS"
"1040016",29,29,29,29,29,29,29,29,"BA",0,29,29,"NENHUMA DAS 8 DURAÇÕES TEM 30 ANOS"
"1138016",29,29,29,29,29,29,29,29,"BA",0,29,29,"NENHUMA DAS 8 DURAÇÕES TEM 30 ANOS"
"1138027",29,29,29,29,29,29,29,29,"BA",0,29,29,"NENHUMA DAS 8 DURAÇÕES TEM 30 ANOS"
"1139009",29,29,29,29,29,29,29,29,"BA",0,29,29,"NENHUMA DAS 8 DURAÇÕES TEM 30 ANOS"
"1140011",29,29,29,29,29,29,29,29,"BA",0,29,29,"NENHUMA DAS 8 DURAÇÕES TEM 30 ANOS"
"1140017",29,29,29,29,29,29,29,29,"BA",0,29,29,"NENHUMA DAS 8 DURAÇÕES TEM 30 ANOS"
"1144010",29,29,29,29,29,29,29,29,"BA",0,29,29,"NENHUMA DAS 8 DURAÇÕES TEM 30 ANOS"
"1239013",29,29,29,29,29,29,29,29,"BA",0,29,29,"NENHUMA DAS 8 DURAÇÕES TEM 30 ANOS"
"1242011",29,29,29,29,29,29,29,29,"BA",0,29,29,"NENHUMA DAS 8 DURAÇÕES TEM 30 ANOS"
"1243002",29,29,29,29,29,29,29,29,"BA",0,29,29,"NENHUMA DAS 8 DURAÇÕES TEM 30 ANOS"
"1340010",29,29,29,29,29,29,29,29,"BA",0,29,29,"NENHUMA DAS 8 DURAÇÕES TEM 30 ANOS"
"1341008",29,29,29,29,29,29,29,29,"BA",0,29,29,"NENHUMA DAS 8 DURAÇÕES TEM 30 ANOS"
"1439026",29,29,29,29,29,29,29,29,"BA",0,29,29,"NENHUMA DAS 8 DURAÇÕES TEM 30 ANOS"
"1439042",29,29,29,29,29,29,29,29,"BA",0,29,29,"NENHUMA DAS 8 DURAÇÕES TEM 30 ANOS"
"1441002",29,29,29,29,29,29,29,29,"BA",0,29,29,"NENHUMA DAS 8 DURAÇÕES TEM 30 ANOS"
"1443008",29,29,29,29,29,29,29,29,"MG",0,29,29,"NENHUMA DAS 8 DURAÇÕES TEM 30 ANOS"
"148017",29,29,29,29,29,29,29,29,"PA",0,29,29,"NENHUMA DAS 8 DURAÇÕES TEM 30 ANOS"
"1541004",29,29,29,29,29,29,29,29,"MG",0,29,29,"NENHUMA DAS 8 DURAÇÕES TEM 30 ANOS"
"1543004",29,29,29,29,29,29,29,29,"MG",0,29,29,"NENHUMA DAS 8 DURAÇÕES TEM 30 ANOS"
"1544010",29,29,29,29,29,29,29,29,"MG",0,29,29,"NENHUMA DAS 8 DURAÇÕES TEM 30 ANOS"
"1547000",29,29,29,29,29,29,29,29,"GO",0,29,29,"NENHUMA DAS 8 DURAÇÕES TEM 30 ANOS"
"1548009",29,29,29,29,29,29,29,29,"DF",0,29,29,"NENHUMA DAS 8 DURAÇÕES TEM 30 ANOS"
"2042005",29,29,29,29,29,29,29,29,"MG",0,29,29,"NENHUMA DAS 8 DURAÇÕES TEM 30 ANOS"
"2044047",29,29,29,29,29,29,29,29,"MG",0,29,29,"NENHUMA DAS 8 DURAÇÕES TEM 30 ANOS"
"2047104",29,29,29,29,29,29,29,29,"SP",0,29,29,"NENHUMA DAS 8 DURAÇÕES TEM 30 ANOS"
"2048054",29,29,29,29,29,29,29,29,"SP",0,29,29,"NENHUMA DAS 8 DURAÇÕES TEM 30 ANOS"
"2049022",29,29,29,29,29,29,29,29,"SP",0,29,29,"NENHUMA DAS 8 DURAÇÕES TEM 30 ANOS"
"2055003",29,29,29,29,29,29,29,29,"MS",0,29,29,"NENHUMA DAS 8 DURAÇÕES TEM 30 ANOS"
"2142019",29,29,29,29,29,29,29,29,"RJ",0,29,29,"NENHUMA DAS 8 DURAÇÕES TEM 30 ANOS"
"2142053",29,29,29,29,29,29,29,29,"RJ",0,29,29,"NENHUMA DAS 8 DURAÇÕES TEM 30 ANOS"
"2147009",29,29,29,29,29,29,29,29,"SP",0,29,29,"NENHUMA DAS 8 DURAÇÕES TEM 30 ANOS"
"2147105",29,29,29,29,29,29,29,29,"SP",0,29,29,"NENHUMA DAS 8 DURAÇÕES TEM 30 ANOS"
"2148094",29,29,29,29,29,29,29,29,"SP",0,29,29,"NENHUMA DAS 8 DURAÇÕES TEM 30 ANOS"
"2148097",29,29,29,29,29,29,29,29,"SP",0,29,29,"NENHUMA DAS 8 DURAÇÕES TEM 30 ANOS"
"2148098",29,29,29,29,29,29,29,29,"SP",0,29,29,"NENHUMA DAS 8 DURAÇÕES TEM 30 ANOS"
"2148100",29,29,29,29,29,29,29,29,"SP",0,29,29,"NENHUMA DAS 8 DURAÇÕES TEM 30 ANOS"
"2148101",29,29,29,29,29,29,29,29,"SP",0,29,29,"NENHUMA DAS 8 DURAÇÕES TEM 30 ANOS"
"2150006",29,29,29,29,29,29,29,29,"SP",0,29,29,"NENHUMA DAS 8 DURAÇÕES TEM 30 ANOS"
"2150014",29,29,29,29,29,29,29,29,"SP",0,29,29,"NENHUMA DAS 8 DURAÇÕES TEM 30 ANOS"
"2243072",29,29,29,29,29,29,29,29,"RJ",0,29,29,"NENHUMA DAS 8 DURAÇÕES TEM 30 ANOS"
"2243088",29,29,29,29,29,29,29,29,"RJ",0,29,29,"NENHUMA DAS 8 DURAÇÕES TEM 30 ANOS"
"2243107",29,29,29,29,29,29,29,29,"RJ",0,29,29,"NENHUMA DAS 8 DURAÇÕES TEM 30 ANOS"
"2243108",29,29,29,29,29,29,29,29,"RJ",0,29,29,"NENHUMA DAS 8 DURAÇÕES TEM 30 ANOS"
"2244025",29,29,29,29,29,29,29,29,"SP",0,29,29,"NENHUMA DAS 8 DURAÇÕES TEM 30 ANOS"
"2249027",29,29,29,29,29,29,29,29,"SP",0,29,29,"NENHUMA DAS 8 DURAÇÕES TEM 30 ANOS"
"2250015",29,29,29,29,29,29,29,29,"SP",0,29,29,"NENHUMA DAS 8 DURAÇÕES TEM 30 ANOS"
"2253003",29,29,29,29,29,29,29,29,"SP",0,29,29,"NENHUMA DAS 8 DURAÇÕES TEM 30 ANOS"
"2345045",29,29,29,29,29,29,29,29,"SP",0,29,29,"NENHUMA DAS 8 DURAÇÕES TEM 30 ANOS"
"2345060",29,29,29,29,29,29,29,29,"SP",0,29,29,"NENHUMA DAS 8 DURAÇÕES TEM 30 ANOS"
"2346006",29,29,29,29,29,29,29,29,"SP",0,29,29,"NENHUMA DAS 8 DURAÇÕES TEM 30 ANOS"
"2347144",29,29,29,29,29,29,29,29,"SP",0,29,29,"NENHUMA DAS 8 DURAÇÕES TEM 30 ANOS"
"2351070",29,29,29,29,29,29,29,29,"PR",0,29,29,"NENHUMA DAS 8 DURAÇÕES TEM 30 ANOS"
"2551031",29,29,29,29,29,29,29,29,"PR",0,29,29,"NENHUMA DAS 8 DURAÇÕES TEM 30 ANOS"
"2552017",29,29,29,29,29,29,29,29,"PR",0,29,29,"NENHUMA DAS 8 DURAÇÕES TEM 30 ANOS"
"2952006",29,29,29,29,29,29,29,29,"RS",0,29,29,"NENHUMA DAS 8 DURAÇÕES TEM 30 ANOS"
"339006",29,29,29,29,29,29,29,29,"CE",0,29,29,"NENHUMA DAS 8 DURAÇÕES TEM 30 ANOS"
"364001",29,29,29,29,29,29,29,29,"AM",0,29,29,"NENHUMA DAS 8 DURAÇÕES TEM 30 ANOS"
"437011",29,29,29,29,29,29,29,29,"CE",0,29,29,"NENHUMA DAS 8 DURAÇÕES TEM 30 ANOS"
"438014",29,29,29,29,29,29,29,29,"CE",0,29,29,"NENHUMA DAS 8 DURAÇÕES TEM 30 ANOS"
"438026",29,29,29,29,29,29,29,29,"CE",0,29,29,"NENHUMA DAS 8 DURAÇÕES TEM 30 ANOS"
"440008",29,29,29,29,29,29,29,29,"CE",0,29,29,"NENHUMA DAS 8 DURAÇÕES TEM 30 ANOS"
"440019",29,29,29,29,29,29,29,29,"CE",0,29,29,"NENHUMA DAS 8 DURAÇÕES TEM 30 ANOS"
"441001",29,29,29,29,29,29,29,29,"PI",0,29,29,"NENHUMA DAS 8 DURAÇÕES TEM 30 ANOS"
"535029",29,29,29,29,29,29,29,29,"RN",0,29,29,"NENHUMA DAS 8 DURAÇÕES TEM 30 ANOS"
"536004",29,29,29,29,29,29,29,29,"RN",0,29,29,"NENHUMA DAS 8 DURAÇÕES TEM 30 ANOS"
"536029",29,29,29,29,29,29,29,29,"RN",0,29,29,"NENHUMA DAS 8 DURAÇÕES TEM 30 ANOS"
"537002",29,29,29,29,29,29,29,29,"RN",0,29,29,"NENHUMA DAS 8 DURAÇÕES TEM 30 ANOS"
"537020",29,29,29,29,29,29,29,29,"RN",0,29,29,"NENHUMA DAS 8 DURAÇÕES TEM 30 ANOS"
"539028",29,29,29,29,29,29,29,29,"CE",0,29,29,"NENHUMA DAS 8 DURAÇÕES TEM 30 ANOS"
"636082",29,29,29,29,29,29,29,29,"PB",0,29,29,"NENHUMA DAS 8 DURAÇÕES TEM 30 ANOS"
"637017",29,29,29,29,29,29,29,29,"RN",0,29,29,"NENHUMA DAS 8 DURAÇÕES TEM 30 ANOS"
"638045",29,29,29,29,29,29,29,29,"RN",0,29,29,"NENHUMA DAS 8 DURAÇÕES TEM 30 ANOS"
"662001",29,29,29,29,29,29,29,29,"AM",0,29,29,"NENHUMA DAS 8 DURAÇÕES TEM 30 ANOS"
"735048",29,29,29,29,29,29,29,29,"PE",0,29,29,"NENHUMA DAS 8 DURAÇÕES TEM 30 ANOS"
"737010",29,29,29,29,29,29,29,29,"PB",0,29,29,"NENHUMA DAS 8 DURAÇÕES TEM 30 ANOS"
"738018",29,29,29,29,29,29,29,29,"PB",0,29,29,"NENHUMA DAS 8 DURAÇÕES TEM 30 ANOS"
"82296",29,29,29,29,29,29,29,29,"PI",0,29,29,"NENHUMA DAS 8 DURAÇÕES TEM 30 ANOS"
"82791",29,29,29,29,29,29,29,29,"PB",0,29,29,"NENHUMA DAS 8 DURAÇÕES TEM 30 ANOS"
"83075",29,29,29,29,29,29,29,29,"SP",0,29,29,"NENHUMA DAS 8 DURAÇÕES TEM 30 ANOS"
"83590",29,29,29,29,29,29,29,29,"MG",0,29,29,"NENHUMA DAS 8 DURAÇÕES TEM 30 ANOS"
"83596",29,29,29,29,29,29,29,29,"ES",0,29,29,"NENHUMA DAS 8 DURAÇÕES TEM 30 ANOS"
"83597",29,29,29,29,29,29,29,29,"ES",0,29,29,"NENHUMA DAS 8 DURAÇÕES TEM 30 ANOS"
"836023",29,29,29,29,29,29,29,29,"PE",0,29,29,"NENHUMA DAS 8 DURAÇÕES TEM 30 ANOS"
"836052",29,29,29,29,29,29,29,29,"PE",0,29,29,"NENHUMA DAS 8 DURAÇÕES TEM 30 ANOS"
"83686",29,29,29,29,29,29,29,29,"MG",0,29,29,"NENHUMA DAS 8 DURAÇÕES TEM 30 ANOS"
"837027",29,29,29,29,29,29,29,29,"PE",0,29,29,"NENHUMA DAS 8 DURAÇÕES TEM 30 ANOS"
"936009",29,29,29,29,29,29,29,29,"PE",0,29,29,"NENHUMA DAS 8 DURAÇÕES TEM 30 ANOS"
"938017",29,29,29,29,29,29,29,29,"BA",0,29,29,"NENHUMA DAS 8 DURAÇÕES TEM 30 ANOS"
"938028",29,29,29,29,29,29,29,29,"BA",0,29,29,"NENHUMA DAS 8 DURAÇÕES TEM 30 ANOS"
"939002",29,29,29,29,29,29,29,29,"BA",0,29,29,"NENHUMA DAS 8 DURAÇÕES TEM 30 ANOS"
"1040001",28,28,28,28,28,28,28,28,"BA",0,28,28,"NENHUMA DAS 8 DURAÇÕES TEM 30 ANOS"
"1042004",28,28,28,28,28,28,28,28,"BA",0,28,28,"NENHUMA DAS 8 DURAÇÕES TEM 30 ANOS"
"1239017",28,28,28,28,28,28,28,28,"BA",0,28,28,"NENHUMA DAS 8 DURAÇÕES TEM 30 ANOS"
"1243009",28,28,28,28,28,28,28,28,"BA",0,28,28,"NENHUMA DAS 8 DURAÇÕES TEM 30 ANOS"
"1244013",28,28,28,28,28,28,28,28,"BA",0,28,28,"NENHUMA DAS 8 DURAÇÕES TEM 30 ANOS"
"1441006",28,28,28,28,28,28,28,28,"BA",0,28,28,"NENHUMA DAS 8 DURAÇÕES TEM 30 ANOS"
"1441014",28,28,28,28,28,28,28,28,"BA",0,28,28,"NENHUMA DAS 8 DURAÇÕES TEM 30 ANOS"
"1542003",28,28,28,28,28,28,28,28,"MG",0,28,28,"NENHUMA DAS 8 DURAÇÕES TEM 30 ANOS"
"1542008",28,28,28,28,28,28,28,28,"MG",0,28,28,"NENHUMA DAS 8 DURAÇÕES TEM 30 ANOS"
"1542009",28,28,28,28,28,28,28,28,"MG",0,28,28,"NENHUMA DAS 8 DURAÇÕES TEM 30 ANOS"
"1543011",28,28,28,28,28,28,28,28,"MG",0,28,28,"NENHUMA DAS 8 DURAÇÕES TEM 30 ANOS"
"1642006",28,28,28,28,28,28,28,28,"MG",0,28,28,"NENHUMA DAS 8 DURAÇÕES TEM 30 ANOS"
"1643004",28,28,28,28,28,28,28,28,"MG",0,28,28,"NENHUMA DAS 8 DURAÇÕES TEM 30 ANOS"
"1644000",28,28,28,28,28,28,28,28,"MG",0,28,28,"NENHUMA DAS 8 DURAÇÕES TEM 30 ANOS"
"2054001",28,28,28,28,28,28,28,28,"MS",0,28,28,"NENHUMA DAS 8 DURAÇÕES TEM 30 ANOS"
"2143055",28,28,28,28,28,28,28,28,"MG",0,28,28,"NENHUMA DAS 8 DURAÇÕES TEM 30 ANOS"
"2143056",28,28,28,28,28,28,28,28,"MG",0,28,28,"NENHUMA DAS 8 DURAÇÕES TEM 30 ANOS"
"2243141",28,28,28,28,28,28,28,28,"RJ",0,28,28,"NENHUMA DAS 8 DURAÇÕES TEM 30 ANOS"
"2345026",28,28,28,28,28,28,28,28,"SP",0,28,28,"NENHUMA DAS 8 DURAÇÕES TEM 30 ANOS"
"440027",28,28,28,28,28,28,28,28,"CE",0,28,28,"NENHUMA DAS 8 DURAÇÕES TEM 30 ANOS"
"468003",28,28,28,28,28,28,28,28,"AM",0,28,28,"NENHUMA DAS 8 DURAÇÕES TEM 30 ANOS"
"535014",28,28,28,28,28,28,28,28,"RN",0,28,28,"NENHUMA DAS 8 DURAÇÕES TEM 30 ANOS"
"538001",28,28,28,28,28,28,28,28,"CE",0,28,28,"NENHUMA DAS 8 DURAÇÕES TEM 30 ANOS"
"538016",28,28,28,28,28,28,28,28,"CE",0,28,28,"NENHUMA DAS 8 DURAÇÕES TEM 30 ANOS"
"740007",28,28,28,28,28,28,28,28,"CE",0,28,28,"NENHUMA DAS 8 DURAÇÕES TEM 30 ANOS"
"8051012",28,28,28,28,28,28,28,28,"AP",0,28,28,"NENHUMA DAS 8 DURAÇÕES TEM 30 ANOS"
"835051",28,28,28,28,28,28,28,28,"PE",0,28,28,"NENHUMA DAS 8 DURAÇÕES TEM 30 ANOS"
"83929",28,28,28,28,28,28,28,28,"RS",0,28,28,"NENHUMA DAS 8 DURAÇÕES TEM 30 ANOS"
"939011",28,28,28,28,28,28,28,28,"BA",0,28,28,"NENHUMA DAS 8 DURAÇÕES TEM 30 ANOS"
"1442011",27,27,27,27,27,27,27,27,"BA",0,27,27,"NENHUMA DAS 8 DURAÇÕES TEM 30 ANOS"
"2752016",27,27,27,27,27,27,27,27,"SC",0,27,27,"NENHUMA DAS 8 DURAÇÕES TEM 30 ANOS"
"83013",27,27,27,27,27,27,27,27,"ES",0,27,27,"NENHUMA DAS 8 DURAÇÕES TEM 30 ANOS"
"838018",27,27,27,27,27,27,27,27,"PE",0,27,27,"NENHUMA DAS 8 DURAÇÕES TEM 30 ANOS"
"944004",27,27,27,27,27,27,27,27,"PI",0,27,27,"NENHUMA DAS 8 DURAÇÕES TEM 30 ANOS"
"1441015",26,26,26,26,26,26,26,26,"BA",0,26,26,"NENHUMA DAS 8 DURAÇÕES TEM 30 ANOS"
"1543001",26,26,26,26,26,26,26,26,"MG",0,26,26,"NENHUMA DAS 8 DURAÇÕES TEM 30 ANOS"
"540023",26,26,26,26,26,26,26,26,"CE",0,26,26,"NENHUMA DAS 8 DURAÇÕES TEM 30 ANOS"
"1841015",25,25,25,25,25,25,25,25,"MG",0,25,25,"NENHUMA DAS 8 DURAÇÕES TEM 30 ANOS"
"1957006",0,0,0,0,0,0,0,0,NA,0,0,0,"ESTAÇÃO NÃO EXISTE NA MINHA BASE DE IMAX"
"2554001",0,0,0,0,0,0,0,0,NA,0,0,0,"ESTAÇÃO NÃO EXISTE NA MINHA BASE DE IMAX"
