"gauge_code","estado","lat","long","time_step","network","classe_espacial","mes_inicio","fonte_inicio","mes_moda","f_moda","rbar_local","dist_nn_km","nome","n_years_zip","responsible","mes_inicio_nome","metodo_ano_hidro"
"14680001","RR",2.8708,-61.4406,15,"TELEMETRIA","mancha",12,"moda_mancha",12,0.7,0.971,0.1,"Mucajaí",8,"TELEMETRIA","dez","uniplu_vizinhanca"
"150619502A","PA",-4.099531,-54.910166,10,"CEMADEN","mancha",8,"moda_mancha",8,0.8,0.973,1.2,"Rurópolis",8,"CEMADEN","ago","uniplu_vizinhanca"
"15318000","RO",-10.3475,-65.3569,15,"TELEMETRIA","mancha",7,"moda_mancha",7,0.6,0.967,49.41,"Nova Mamore",9,"TELEMETRIA","jul","uniplu_vizinhanca"
"210232501A","MA",-4.31779,-46.45999,10,"CEMADEN","mancha",8,"moda_mancha",8,0.6,0.967,4.28,"Buriticupu",8,"CEMADEN","ago","uniplu_vizinhanca"
"210350501A","MA",-6.03192,-44.24784,10,"CEMADEN","mancha",8,"moda_mancha",8,0.7,0.971,0.83,"Colinas",9,"CEMADEN","ago","uniplu_vizinhanca"
"211130008A","MA",-2.55193,-44.22401,10,"CEMADEN","mancha",9,"moda_mancha",9,0.6,0.946,2.89,"São Luís",8,"CEMADEN","set","uniplu_vizinhanca"
"211210001A","MA",-4.25536,-43.93945,10,"CEMADEN","mancha",9,"moda_mancha",9,0.7,0.971,23.13,"Timbiras",8,"CEMADEN","set","uniplu_vizinhanca"
"230390701A","CE",-3.035505,-41.238371,10,"CEMADEN","mancha",9,"moda_mancha",9,1,1,0.61,"Chaval",8,"CEMADEN","set","uniplu_vizinhanca"
"230540702A","CE",-6.4,-38.859,10,"CEMADEN","mancha",9,"moda_mancha",9,0.8,0.978,1,"Icó",8,"CEMADEN","set","uniplu_vizinhanca"
"230765004A","CE",-3.861673,-38.623954,10,"CEMADEN","mancha",9,"moda_mancha",9,0.7,0.971,4.38,"Maracanaú",8,"CEMADEN","set","uniplu_vizinhanca"
"230980501A","CE",-4.225654,-38.919779,10,"CEMADEN","mancha",10,"moda_mancha",10,0.7,0.971,1.05,"Pacoti",8,"CEMADEN","out","uniplu_vizinhanca"
"231180101A","CE",-4.92271,-37.97669,10,"CEMADEN","mancha",9,"moda_mancha",9,0.9,0.988,1.62,"Russas",8,"CEMADEN","set","uniplu_vizinhanca"
"240810206A","RN",-5.823,-35.258,10,"CEMADEN","mancha",11,"moda_mancha",11,0.8,0.978,5.25,"Natal",9,"CEMADEN","nov","uniplu_vizinhanca"
"250180701A","PB",-7.122,-34.906,10,"CEMADEN","mancha",11,"moda_mancha",11,0.8,0.978,2.59,"Bayeux",9,"CEMADEN","nov","uniplu_vizinhanca"
"250180702A","PB",-7.133,-34.94,10,"CEMADEN","mancha",11,"moda_mancha",11,0.8,0.978,4.83,"Bayeux",8,"CEMADEN","nov","uniplu_vizinhanca"
"250180703A","PB",-7.148,-34.923,10,"CEMADEN","mancha",11,"moda_mancha",11,0.8,0.978,5.61,"Bayeux",10,"CEMADEN","nov","uniplu_vizinhanca"
"250400901A","PB",-7.207,-35.886,10,"CEMADEN","mancha",10,"moda_mancha",10,0.5,0.945,2.89,"Campina Grande",10,"CEMADEN","out","uniplu_vizinhanca"
"250400902A","PB",-7.244,-35.874,10,"CEMADEN","mancha",10,"moda_mancha",10,0.6,0.967,3.28,"Campina Grande",9,"CEMADEN","out","uniplu_vizinhanca"
"250400903A","PB",-7.252,-35.895,10,"CEMADEN","mancha",10,"moda_mancha",10,0.6,0.952,2.5,"Campina Grande",8,"CEMADEN","out","uniplu_vizinhanca"
"250400904A","PB",-7.249,-35.917,10,"CEMADEN","mancha",10,"moda_mancha",10,0.6,0.952,2.83,"Campina Grande",10,"CEMADEN","out","uniplu_vizinhanca"
"250400906A","PB",-7.274,-35.932,10,"CEMADEN","mancha",10,"moda_mancha",10,0.7,0.961,6.04,"Campina Grande",10,"CEMADEN","out","uniplu_vizinhanca"
"250750701A","PB",-7.166,-34.882,10,"CEMADEN","mancha",11,"moda_mancha",11,0.8,0.978,5.47,"João Pessoa",9,"CEMADEN","nov","uniplu_vizinhanca"
"250750702A","PB",-7.184,-34.859,10,"CEMADEN","mancha",11,"moda_mancha",11,0.8,0.978,7.94,"João Pessoa",9,"CEMADEN","nov","uniplu_vizinhanca"
"250750705A","PB",-7.124,-34.847,10,"CEMADEN","mancha",11,"moda_mancha",11,0.8,0.978,3.19,"João Pessoa",10,"CEMADEN","nov","uniplu_vizinhanca"
"250750707A","PB",-7.119,-34.886,10,"CEMADEN","mancha",11,"moda_mancha",11,0.8,0.978,0.39,"João Pessoa",8,"CEMADEN","nov","uniplu_vizinhanca"
"250980001A","PB",-7.031,-35.462,10,"CEMADEN","mancha",11,"moda_mancha",11,0.7,0.971,0.7,"Mulungu",9,"CEMADEN","nov","uniplu_vizinhanca"
"251530201A","PB",-7.098,-35.224,10,"CEMADEN","mancha",11,"moda_mancha",11,0.9,0.988,0.62,"Sapé",10,"CEMADEN","nov","uniplu_vizinhanca"
"260130001A","PE",-8.418,-35.664,10,"CEMADEN","mancha",11,"moda_mancha",11,0.4,0.889,13.76,"Barra de Guabiraba",8,"CEMADEN","nov","uniplu_vizinhanca"
"260345404A","PE",-8.021425,-34.987566,10,"CEMADEN","mancha",11,"moda_mancha",11,0.9,0.988,5.26,"Camaragibe",10,"CEMADEN","nov","uniplu_vizinhanca"
"260410601A","PE",-8.285,-35.976,10,"CEMADEN","mancha",9,"moda_mancha",9,0.5,0.941,1.05,"Caruaru",8,"CEMADEN","set","uniplu_vizinhanca"
"260590501A","PE",-8.587,-35.386,10,"CEMADEN","mancha",11,"moda_mancha",11,0.7,0.961,10.54,"Gameleira",8,"CEMADEN","nov","uniplu_vizinhanca"
"260620001A","PE",-7.531555,-34.996284,10,"CEMADEN","mancha",11,"moda_mancha",11,0.8,0.973,2.73,"Goiana",8,"CEMADEN","nov","uniplu_vizinhanca"
"260680403A","PE",-7.807,-34.933,10,"CEMADEN","mancha",11,"moda_mancha",11,0.9,0.988,23.49,"Igarassu",8,"CEMADEN","nov","uniplu_vizinhanca"
"260790108A","PE",-8.07105,-34.99392,10,"CEMADEN","mancha",11,"moda_mancha",11,1,1,3.96,"Jaboatão dos Guararapes",8,"CEMADEN","nov","uniplu_vizinhanca"
"260940202A","PE",-8.118,-35.101,10,"CEMADEN","mancha",11,"moda_mancha",11,1,1,10.61,"Moreno",10,"CEMADEN","nov","uniplu_vizinhanca"
"260950102A","PE",-7.730698,-35.232556,10,"CEMADEN","mancha",11,"moda_mancha",11,0.8,0.973,13.11,"Nazaré da Mata",8,"CEMADEN","nov","uniplu_vizinhanca"
"260960005A","PE",-7.973,-34.868,10,"CEMADEN","mancha",11,"moda_mancha",11,0.9,0.988,6.91,"Olinda",8,"CEMADEN","nov","uniplu_vizinhanca"
"261150701A","PE",-8.83,-36.013,10,"CEMADEN","mancha",11,"moda_mancha",11,0.7,0.961,4.36,"Quipapá",8,"CEMADEN","nov","uniplu_vizinhanca"
"261160614A","PE",-8.013,-34.881,10,"CEMADEN","mancha",11,"moda_mancha",11,1,1,2.27,"Recife",8,"CEMADEN","nov","uniplu_vizinhanca"
"261160621A","PE",-8.102,-34.929,10,"CEMADEN","mancha",11,"moda_mancha",11,1,1,5.79,"Recife",10,"CEMADEN","nov","uniplu_vizinhanca"
"261290101A","PE",-8.812,-35.932,10,"CEMADEN","mancha",11,"moda_mancha",11,0.7,0.961,11.04,"São Benedito do Sul",11,"CEMADEN","nov","uniplu_vizinhanca"
"261370103A","PE",-7.979,-35.073,10,"CEMADEN","mancha",11,"moda_mancha",11,0.9,0.988,2.6,"São Lourenço da Mata",8,"CEMADEN","nov","uniplu_vizinhanca"
"270210801A","AL",-8.909571,-35.716296,10,"CEMADEN","mancha",11,"moda_mancha",11,0.5,0.966,0.79,"Colônia Leopoldina",8,"CEMADEN","nov","uniplu_vizinhanca"
"270430210A","AL",-9.552,-35.727,10,"CEMADEN","mancha",11,"moda_mancha",11,0.7,0.971,4.77,"Maceió",9,"CEMADEN","nov","uniplu_vizinhanca"
"270430213A","AL",-9.573,-35.741,10,"CEMADEN","mancha",11,"moda_mancha",11,0.7,0.971,4.03,"Maceió",9,"CEMADEN","nov","uniplu_vizinhanca"
"270510101A","AL",-9.15748,-35.53084,10,"CEMADEN","mancha",11,"moda_mancha",11,0.5,0.966,1.87,"Matriz de Camaragibe",8,"CEMADEN","nov","uniplu_vizinhanca"
"270660401A","AL",-9.371,-36.372,10,"CEMADEN","mancha",11,"moda_mancha",11,0.7,0.961,8.86,"Paulo Jacinto",8,"CEMADEN","nov","uniplu_vizinhanca"
"270890701A","AL",-9.574,-35.824,10,"CEMADEN","mancha",11,"moda_mancha",11,0.8,0.978,1.31,"Satuba",8,"CEMADEN","nov","uniplu_vizinhanca"
"280400301A","SE",-10.734,-37.083,10,"CEMADEN","mancha",11,"moda_mancha",11,0.9,0.988,11.13,"Maruim",10,"CEMADEN","nov","uniplu_vizinhanca"
"290560202A","BA",-15.374,-39.489,10,"CEMADEN","mancha",7,"moda_mancha",7,0.8,0.947,5.71,"Camacan",8,"CEMADEN","jul","uniplu_vizinhanca"
"291180801A","BA",-16.582916,-39.780555,10,"CEMADEN","mancha",6,"moda_mancha",6,0.5,0.966,0.37,"Guaratinga",8,"CEMADEN","jun","uniplu_vizinhanca"
"291345701A","BA",-13.819025,-39.141885,10,"CEMADEN","transicao",9,"media_circ_ponderada",1,0.2,0.423,3.17,"Igrapiúna",8,"CEMADEN","set","uniplu_vizinhanca"
"291360602A","BA",-14.782697,-39.103569,10,"CEMADEN","mancha",7,"moda_mancha",7,0.5,0.82,16.65,"Ilhéus",9,"CEMADEN","jul","uniplu_vizinhanca"
"291480202A","BA",-14.805,-39.277,10,"CEMADEN","mancha",7,"moda_mancha",7,0.5,0.82,15.39,"Itabuna",8,"CEMADEN","jul","uniplu_vizinhanca"
"292770501A","BA",-16.321,-39.023,10,"CEMADEN","mancha",7,"moda_mancha",7,0.4,0.777,52.17,"Santa Cruz Cabrália",8,"CEMADEN","jul","uniplu_vizinhanca"
"311330501A","MG",-20.728,-42.03,10,"CEMADEN","mancha",7,"moda_mancha",7,0.8,0.978,1.49,"Carangola",8,"CEMADEN","jul","uniplu_vizinhanca"
"311330502A","MG",-20.726,-42.147,10,"CEMADEN","mancha",7,"moda_mancha",7,0.8,0.978,13.75,"Carangola",10,"CEMADEN","jul","uniplu_vizinhanca"
"311410501A","MG",-22.1204,-45.13472,10,"CEMADEN","mancha",7,"moda_mancha",7,0.8,0.899,9.41,"Carmo de Minas",8,"CEMADEN","jul","uniplu_vizinhanca"
"311450101A","MG",-20.54264,-44.64601,10,"CEMADEN","mancha",7,"moda_mancha",7,0.9,0.988,24.64,"Carmópolis de Minas",8,"CEMADEN","jul","uniplu_vizinhanca"
"312420302A","MG",-20.42158,-41.8535,10,"CEMADEN","mancha",7,"moda_mancha",7,0.7,0.971,13.15,"Espera Feliz",8,"CEMADEN","jul","uniplu_vizinhanca"
"312770106A","MG",-18.842,-41.943,10,"CEMADEN","mancha",7,"moda_mancha",7,0.7,0.971,1.4,"Governador Valadares",8,"CEMADEN","jul","uniplu_vizinhanca"
"313130702A","MG",-19.476,-42.58,10,"CEMADEN","mancha",7,"moda_mancha",7,0.7,0.971,8.94,"Ipatinga",9,"CEMADEN","jul","uniplu_vizinhanca"
"313170302A","MG",-19.654,-43.209,10,"CEMADEN","mancha",7,"moda_mancha",7,0.9,0.988,3.97,"Itabira",8,"CEMADEN","jul","uniplu_vizinhanca"
"313170303A","MG",-19.627,-43.208,10,"CEMADEN","mancha",7,"moda_mancha",7,0.9,0.988,1.54,"Itabira",8,"CEMADEN","jul","uniplu_vizinhanca"
"313170305A","MG",-19.622,-43.43,10,"CEMADEN","mancha",7,"moda_mancha",7,0.9,0.988,18.84,"Itabira",8,"CEMADEN","jul","uniplu_vizinhanca"
"313170306A","MG",-19.513,-43.374,10,"CEMADEN","mancha",7,"moda_mancha",7,1,1,20.82,"Itabira",8,"CEMADEN","jul","uniplu_vizinhanca"
"313240401A","MG",-22.412335,-45.435862,10,"CEMADEN","mancha",7,"moda_mancha",7,1,1,4.26,"Itajubá",8,"CEMADEN","jul","uniplu_vizinhanca"
"313620703A","MG",-19.845,-43.18,10,"CEMADEN","mancha",7,"moda_mancha",7,0.9,0.988,5.24,"João Monlevade",9,"CEMADEN","jul","uniplu_vizinhanca"
"313620704A","MG",-19.828,-43.158,10,"CEMADEN","mancha",7,"moda_mancha",7,0.9,0.988,2.19,"João Monlevade",10,"CEMADEN","jul","uniplu_vizinhanca"
"313770001A","MG",-20.15,-41.615,10,"CEMADEN","mancha",7,"moda_mancha",7,0.8,0.978,13.41,"Lajinha",8,"CEMADEN","jul","uniplu_vizinhanca"
"313780901A","MG",-21.97453,-45.34852,10,"CEMADEN","mancha",7,"moda_mancha",7,0.9,0.988,4.8,"Lambari",8,"CEMADEN","jul","uniplu_vizinhanca"
"315250105A","MG",-22.21,-45.906,10,"CEMADEN","mancha",7,"moda_mancha",7,1,1,7.1,"Pouso Alegre",10,"CEMADEN","jul","uniplu_vizinhanca"
"315680901A","MG",-18.666,-43.08,10,"CEMADEN","mancha",7,"moda_mancha",7,0.8,0.978,20.3,"Sabinópolis",10,"CEMADEN","jul","uniplu_vizinhanca"
"316600601A","MG",-20.79777,-43.35336,10,"CEMADEN","mancha",7,"moda_mancha",7,1,1,13.32,"Senhora de Oliveira",8,"CEMADEN","jul","uniplu_vizinhanca"
"320130811A","ES",-20.361,-40.373,10,"CEMADEN","mancha",7,"moda_mancha",7,0.6,0.967,7.44,"Cariacica",8,"CEMADEN","jul","uniplu_vizinhanca"
"320220702A","ES",-19.935,-40.408,10,"CEMADEN","mancha",6,"moda_mancha",6,0.9,0.988,0.76,"Fundão",8,"CEMADEN","jun","uniplu_vizinhanca"
"320320501A","ES",-19.406,-40.069,10,"CEMADEN","mancha",6,"moda_mancha",6,0.9,0.988,1.23,"Linhares",8,"CEMADEN","jun","uniplu_vizinhanca"
"320390803A","ES",-18.714,-40.407,10,"CEMADEN","mancha",6,"moda_mancha",6,0.7,0.971,4.15,"Nova Venécia",8,"CEMADEN","jun","uniplu_vizinhanca"
"320500213A","ES",-20.211,-40.219,10,"CEMADEN","mancha",6,"moda_mancha",6,0.7,0.971,11.32,"Serra",8,"CEMADEN","jun","uniplu_vizinhanca"
"320530905A","ES",-20.274,-40.323,10,"CEMADEN","mancha",6,"moda_mancha",6,0.6,0.967,5.12,"Vitória",9,"CEMADEN","jun","uniplu_vizinhanca"
"320530908A","ES",-20.257,-40.268,10,"CEMADEN","mancha",6,"moda_mancha",6,0.6,0.967,9.07,"Vitória",8,"CEMADEN","jun","uniplu_vizinhanca"
"330010003A","RJ",-22.933,-44.387,10,"CEMADEN","mancha",7,"moda_mancha",7,0.5,0.966,0.62,"Angra dos Reis",9,"CEMADEN","jul","uniplu_vizinhanca"
"330190008A","RJ",-22.837,-42.882,10,"CEMADEN","mancha",8,"moda_mancha",8,0.7,0.971,12.05,"Itaboraí",8,"CEMADEN","ago","uniplu_vizinhanca"
"330200704A","RJ",-22.9213,-43.8504,10,"CEMADEN","mancha",7,"moda_mancha",7,0.6,0.967,2.69,"Itaguaí",9,"CEMADEN","jul","uniplu_vizinhanca"
"330270001A","RJ",-22.906,-42.815,10,"CEMADEN","mancha",8,"moda_mancha",8,0.6,0.967,9.22,"Maricá",9,"CEMADEN","ago","uniplu_vizinhanca"
"330455711A","RJ",-22.8897,-43.7175,10,"CEMADEN","mancha",8,"moda_mancha",8,0.6,0.967,4.54,"Rio de Janeiro",8,"CEMADEN","ago","uniplu_vizinhanca"
"330455728A","RJ",-22.86086,-43.30756,10,"CEMADEN","mancha",8,"moda_mancha",8,0.7,0.914,10.88,"Rio de Janeiro",10,"CEMADEN","ago","uniplu_vizinhanca"
"330455729A","RJ",-22.9666,-43.2965,10,"CEMADEN","mancha",8,"moda_mancha",8,0.7,0.914,1.93,"Rio de Janeiro",9,"CEMADEN","ago","uniplu_vizinhanca"
"330455734A","RJ",-22.7613,-43.1084,10,"CEMADEN","mancha",8,"moda_mancha",8,0.5,0.941,17.33,"Rio de Janeiro",8,"CEMADEN","ago","uniplu_vizinhanca"
"330580204A","RJ",-22.428,-42.962,10,"CEMADEN","mancha",7,"moda_mancha",7,1,1,1.65,"Teresópolis",8,"CEMADEN","jul","uniplu_vizinhanca"
"350050101A","SP",-22.475,-46.628,10,"CEMADEN","mancha",7,"moda_mancha",7,1,1,1.09,"Águas de Lindóia",8,"CEMADEN","jul","uniplu_vizinhanca"
"350190501A","SP",-22.704,-46.818,10,"CEMADEN","mancha",7,"moda_mancha",7,1,1,2.21,"Amparo",9,"CEMADEN","jul","uniplu_vizinhanca"
"350250704A","SP",-22.839,-45.231,10,"CEMADEN","mancha",7,"moda_mancha",7,1,1,2.49,"Aparecida",10,"CEMADEN","jul","uniplu_vizinhanca"
"350270501A","SP",-24.507622,-48.848371,10,"CEMADEN","mancha",8,"moda_mancha",8,0.8,0.978,1.02,"Apiaí",9,"CEMADEN","ago","uniplu_vizinhanca"
"350290301A","SP",-23.50509,-47.61925,10,"CEMADEN","mancha",7,"moda_mancha",7,0.9,0.988,2.21,"Araçoiaba da Serra",8,"CEMADEN","jul","uniplu_vizinhanca"
"350315801A","SP",-22.6746,-44.44577,10,"CEMADEN","mancha",7,"moda_mancha",7,0.9,0.988,8.71,"Arapeí",9,"CEMADEN","jul","uniplu_vizinhanca"
"350330701A","SP",-22.374879,-47.386852,10,"CEMADEN","mancha",7,"moda_mancha",7,1,1,10.3,"Araras",8,"CEMADEN","jul","uniplu_vizinhanca"
"350350501A","SP",-22.57941,-44.69773,10,"CEMADEN","mancha",7,"moda_mancha",7,1,1,9.21,"Areias",10,"CEMADEN","jul","uniplu_vizinhanca"
"350380201A","SP",-22.567,-47.154,10,"CEMADEN","mancha",7,"moda_mancha",7,0.9,0.988,1.41,"Artur Nogueira",10,"CEMADEN","jul","uniplu_vizinhanca"
"350410706A","SP",-23.16773,-46.62687,10,"CEMADEN","mancha",7,"moda_mancha",7,1,1,8.76,"Atibaia",8,"CEMADEN","jul","uniplu_vizinhanca"
"350450302A","SP",-23.101,-48.92,10,"CEMADEN","mancha",7,"moda_mancha",7,0.5,0.966,0.38,"Avaré",10,"CEMADEN","jul","uniplu_vizinhanca"
"350450303A","SP",-23.111,-48.932,10,"CEMADEN","mancha",7,"moda_mancha",7,0.5,0.966,2.09,"Avarãò",8,"CEMADEN","jul","uniplu_vizinhanca"
"350490901A","SP",-22.679,-44.317,10,"CEMADEN","mancha",7,"moda_mancha",7,0.8,0.978,0.48,"Bananal",8,"CEMADEN","jul","uniplu_vizinhanca"
"350600301A","SP",-22.328,-49.102,10,"CEMADEN","mancha",7,"moda_mancha",7,1,1,2.16,"Bauru",10,"CEMADEN","jul","uniplu_vizinhanca"
"350660701A","SP",-23.58773,-46.04429,10,"CEMADEN","mancha",7,"moda_mancha",7,0.6,0.967,1.4,"Biritiba-mirim",8,"CEMADEN","jul","uniplu_vizinhanca"
"350700101A","SP",-23.28891,-47.67549,10,"CEMADEN","mancha",7,"moda_mancha",7,0.9,0.988,1.16,"Boituva",8,"CEMADEN","jul","uniplu_vizinhanca"
"350760504A","SP",-22.923033,-46.535295,10,"CEMADEN","mancha",7,"moda_mancha",7,0.9,0.988,1.16,"Bragança Paulista",8,"CEMADEN","jul","uniplu_vizinhanca"
"350840503A","SP",-23.354,-47.082,10,"CEMADEN","mancha",7,"moda_mancha",7,1,1,6.73,"Cabreúva",9,"CEMADEN","jul","uniplu_vizinhanca"
"350880101A","SP",-21.803,-49.61,10,"CEMADEN","mancha",7,"moda_mancha",7,1,1,3,"Cafelândia",9,"CEMADEN","jul","uniplu_vizinhanca"
"350995701A","SP",-22.7025,-45.05077,10,"CEMADEN","mancha",7,"moda_mancha",7,0.9,0.988,4.97,"Canas",8,"CEMADEN","jul","uniplu_vizinhanca"
"351030201A","SP",-23.47379,-47.73533,10,"CEMADEN","mancha",7,"moda_mancha",7,1,1,5.87,"Capela do Alto",8,"CEMADEN","jul","uniplu_vizinhanca"
"351060901A","SP",-23.56132,-46.84739,10,"CEMADEN","mancha",7,"moda_mancha",7,0.8,0.978,2.48,"Carapicuíba",10,"CEMADEN","jul","uniplu_vizinhanca"
"351300905A","SP",-23.5801,-46.9176,10,"CEMADEN","mancha",7,"moda_mancha",7,0.9,0.988,2.29,"Cotia",8,"CEMADEN","jul","uniplu_vizinhanca"
"351360301A","SP",-23.083,-44.96,10,"CEMADEN","mancha",7,"moda_mancha",7,0.9,0.988,0.44,"Cunha",8,"CEMADEN","jul","uniplu_vizinhanca"
"351360302A","SP",-23.079422,-44.946102,10,"CEMADEN","mancha",7,"moda_mancha",7,0.9,0.988,1.42,"Cunha",8,"CEMADEN","jul","uniplu_vizinhanca"
"351510305A","SP",-23.88,-46.794,10,"CEMADEN","mancha",8,"moda_mancha",8,0.7,0.971,4.9,"Embu-guaçu",9,"CEMADEN","ago","uniplu_vizinhanca"
"351630903A","SP",-23.268,-46.748,10,"CEMADEN","mancha",7,"moda_mancha",7,1,1,7.42,"Francisco Morato",10,"CEMADEN","jul","uniplu_vizinhanca"
"351830501A","SP",-23.41782,-46.03012,10,"CEMADEN","mancha",7,"moda_mancha",7,0.9,0.988,0.65,"Guararema",9,"CEMADEN","jul","uniplu_vizinhanca"
"351870107A","SP",-23.968,-46.26,10,"CEMADEN","mancha",8,"moda_mancha",8,1,1,4.37,"Guarujá",9,"CEMADEN","ago","uniplu_vizinhanca"
"351870114A","SP",-23.97,-46.191,10,"CEMADEN","mancha",8,"moda_mancha",8,1,1,2.38,"Guarujá",8,"CEMADEN","ago","uniplu_vizinhanca"
"351880001A","SP",-23.456,-46.458,10,"CEMADEN","mancha",7,"moda_mancha",7,0.9,0.988,3.11,"Guarulhos",8,"CEMADEN","jul","uniplu_vizinhanca"
"352140801A","SP",-22.57856,-47.52177,10,"CEMADEN","mancha",7,"moda_mancha",7,0.9,0.988,8.78,"Iracemápolis",8,"CEMADEN","jul","uniplu_vizinhanca"
"352220803A","SP",-23.699,-46.851,10,"CEMADEN","mancha",7,"moda_mancha",7,0.9,0.988,1.97,"Itapecerica da Serra",10,"CEMADEN","jul","uniplu_vizinhanca"
"352230701A","SP",-23.588,-48.043,10,"CEMADEN","mancha",7,"moda_mancha",7,0.9,0.988,0.94,"Itapetininga",8,"CEMADEN","jul","uniplu_vizinhanca"
"352230703A","SP",-23.58935,-48.04417,10,"CEMADEN","mancha",7,"moda_mancha",7,0.9,0.988,0.93,"Itapetininga",8,"CEMADEN","jul","uniplu_vizinhanca"
"352230704A","SP",-23.63,-48.036,10,"CEMADEN","mancha",7,"moda_mancha",7,1,1,5.41,"Itapetininga",8,"CEMADEN","jul","uniplu_vizinhanca"
"352230707A","SP",-23.595,-48.317,10,"CEMADEN","mancha",7,"moda_mancha",7,0.9,0.988,0.56,"Itapetininga",8,"CEMADEN","jul","uniplu_vizinhanca"
"352250503A","SP",-23.53016,-46.92795,10,"CEMADEN","mancha",7,"moda_mancha",7,0.9,0.988,4.1,"Itapevi",8,"CEMADEN","jul","uniplu_vizinhanca"
"352265301A","SP",-24.491,-49.226,10,"CEMADEN","mancha",8,"moda_mancha",8,0.8,0.899,10.67,"Itapirapuã Paulista",9,"CEMADEN","ago","uniplu_vizinhanca"
"352310702A","SP",-23.4639,-46.3039,10,"CEMADEN","mancha",7,"moda_mancha",7,0.8,0.978,4.09,"Itaquaquecetuba",8,"CEMADEN","jul","uniplu_vizinhanca"
"352310706A","SP",-23.437,-46.308,10,"CEMADEN","mancha",7,"moda_mancha",7,0.8,0.978,2.77,"Itaquaquecetuba",8,"CEMADEN","jul","uniplu_vizinhanca"
"352390902A","SP",-23.387,-47.34,10,"CEMADEN","mancha",7,"moda_mancha",7,1,1,6.01,"Itu",10,"CEMADEN","jul","uniplu_vizinhanca"
"352390906A","SP",-23.266,-47.395,10,"CEMADEN","mancha",7,"moda_mancha",7,1,1,10.13,"Itu",8,"CEMADEN","jul","uniplu_vizinhanca"
"352500302A","SP",-23.528,-46.902,10,"CEMADEN","mancha",7,"moda_mancha",7,0.8,0.978,4.62,"Jandira",9,"CEMADEN","jul","uniplu_vizinhanca"
"352585401A","SP",-23.08845,-47.78094,10,"CEMADEN","mancha",7,"moda_mancha",7,0.9,0.988,6.02,"Jumirim",8,"CEMADEN","jul","uniplu_vizinhanca"
"352590403A","SP",-23.247,-46.855,10,"CEMADEN","mancha",7,"moda_mancha",7,1,1,6.09,"Jundiaí",9,"CEMADEN","jul","uniplu_vizinhanca"
"352660501A","SP",-22.571,-44.902,10,"CEMADEN","mancha",7,"moda_mancha",7,1,1,6.3,"Lavrinhas",11,"CEMADEN","jul","uniplu_vizinhanca"
"352690204A","SP",-22.536,-47.394,10,"CEMADEN","mancha",7,"moda_mancha",7,1,1,4.56,"Limeira",11,"CEMADEN","jul","uniplu_vizinhanca"
"352700901A","SP",-22.534,-46.651,10,"CEMADEN","mancha",7,"moda_mancha",7,1,1,1.92,"Lindóia",9,"CEMADEN","jul","uniplu_vizinhanca"
"352720702A","SP",-22.751897,-45.092557,10,"CEMADEN","mancha",7,"moda_mancha",7,0.9,0.988,1.15,"Lorena",9,"CEMADEN","jul","uniplu_vizinhanca"
"352840301A","SP",-23.55121,-47.18601,10,"CEMADEN","mancha",7,"moda_mancha",7,1,1,0.33,"Mairinque",8,"CEMADEN","jul","uniplu_vizinhanca"
"352850204A","SP",-23.37046,-46.61099,10,"CEMADEN","mancha",7,"moda_mancha",7,0.9,0.988,4.49,"Mairiporã",9,"CEMADEN","jul","uniplu_vizinhanca"
"352900502A","SP",-22.25,-49.932,10,"CEMADEN","mancha",7,"moda_mancha",7,1,1,1.86,"Marília",8,"CEMADEN","jul","uniplu_vizinhanca"
"352900504A","SP",-22.228,-49.967,10,"CEMADEN","mancha",7,"moda_mancha",7,1,1,2.27,"Marília",8,"CEMADEN","jul","uniplu_vizinhanca"
"353060704A","SP",-23.55061,-46.24632,10,"CEMADEN","mancha",7,"moda_mancha",7,0.8,0.978,3.91,"Mogi das Cruzes",11,"CEMADEN","jul","uniplu_vizinhanca"
"353110004A","SP",-24.113,-46.662,10,"CEMADEN","mancha",8,"moda_mancha",8,1,1,6.01,"Mongaguá",9,"CEMADEN","ago","uniplu_vizinhanca"
"353180301A","SP",-22.905,-47.343,10,"CEMADEN","mancha",7,"moda_mancha",7,1,1,5.79,"Monte Mor",8,"CEMADEN","jul","uniplu_vizinhanca"
"353180302A","SP",-23.012,-47.306,10,"CEMADEN","mancha",7,"moda_mancha",7,1,1,5.9,"Monte Mor",10,"CEMADEN","jul","uniplu_vizinhanca"
"353230601A","SP",-23.377916,-45.445904,10,"CEMADEN","mancha",7,"moda_mancha",7,0.6,0.967,0.75,"Natividade da Serra",8,"CEMADEN","jul","uniplu_vizinhanca"
"353440103A","SP",-23.507,-46.776,10,"CEMADEN","mancha",7,"moda_mancha",7,0.8,0.978,1.35,"Osasco",10,"CEMADEN","jul","uniplu_vizinhanca"
"353440105A","SP",-23.475,-46.779,10,"CEMADEN","mancha",7,"moda_mancha",7,0.8,0.978,4.65,"Osasco",8,"CEMADEN","jul","uniplu_vizinhanca"
"353710704A","SP",-22.74153,-46.9242,10,"CEMADEN","mancha",7,"moda_mancha",7,1,1,1.38,"Pedreira",10,"CEMADEN","jul","uniplu_vizinhanca"
"353760203A","SP",-24.268,-46.961,10,"CEMADEN","mancha",8,"moda_mancha",8,0.8,0.978,6.93,"Peruíbe",8,"CEMADEN","ago","uniplu_vizinhanca"
"353850101A","SP",-22.612,-45.183,10,"CEMADEN","mancha",7,"moda_mancha",7,1,1,1.33,"Piquete",8,"CEMADEN","jul","uniplu_vizinhanca"
"354050701A","SP",-23.17647,-48.12137,10,"CEMADEN","mancha",7,"moda_mancha",7,0.9,0.988,0.92,"Porangaba",10,"CEMADEN","jul","uniplu_vizinhanca"
"354340202A","SP",-21.123,-47.738,10,"CEMADEN","mancha",7,"moda_mancha",7,1,1,2.88,"Ribeirão Preto",8,"CEMADEN","jul","uniplu_vizinhanca"
"354340203A","SP",-21.172,-47.809,10,"CEMADEN","mancha",7,"moda_mancha",7,1,1,7.12,"Ribeirão Preto",8,"CEMADEN","jul","uniplu_vizinhanca"
"354340204A","SP",-21.264,-47.823,10,"CEMADEN","mancha",7,"moda_mancha",7,1,1,7.15,"Ribeirão Preto",8,"CEMADEN","jul","uniplu_vizinhanca"
"354390701A","SP",-22.429,-47.552,10,"CEMADEN","mancha",7,"moda_mancha",7,1,1,1.38,"Rio Claro",10,"CEMADEN","jul","uniplu_vizinhanca"
"354780904A","SP",-23.648,-46.514,10,"CEMADEN","mancha",8,"moda_mancha",8,0.6,0.967,3.99,"Santo André",8,"CEMADEN","ago","uniplu_vizinhanca"
"354980504A","SP",-20.844,-49.386,10,"CEMADEN","mancha",7,"moda_mancha",7,1,1,3.05,"São José do Rio Preto",9,"CEMADEN","jul","uniplu_vizinhanca"
"355030834A","SP",-23.650398,-46.708183,10,"CEMADEN","mancha",7,"moda_mancha",7,1,1,0.91,"São Paulo",9,"CEMADEN","jul","uniplu_vizinhanca"
"355030881A","SP",-23.494,-46.417,10,"CEMADEN","mancha",7,"moda_mancha",7,0.8,0.978,2.16,"São Paulo",8,"CEMADEN","jul","uniplu_vizinhanca"
"355220504A","SP",-23.51027,-47.36154,10,"CEMADEN","mancha",7,"moda_mancha",7,1,1,8.05,"Sorocaba",9,"CEMADEN","jul","uniplu_vizinhanca"
"355220509A","SP",-23.42682,-47.36295,10,"CEMADEN","mancha",7,"moda_mancha",7,1,1,4.26,"Sorocaba",9,"CEMADEN","jul","uniplu_vizinhanca"
"355220510A","SP",-23.478,-47.422,10,"CEMADEN","mancha",7,"moda_mancha",7,1,1,0.92,"Sorocaba",10,"CEMADEN","jul","uniplu_vizinhanca"
"355250201A","SP",-23.64494,-46.32195,10,"CEMADEN","mancha",7,"moda_mancha",7,0.9,0.988,1.38,"Suzano",8,"CEMADEN","jul","uniplu_vizinhanca"
"355250203A","SP",-23.496096,-46.322502,10,"CEMADEN","mancha",7,"moda_mancha",7,0.9,0.988,3.37,"Suzano",9,"CEMADEN","jul","uniplu_vizinhanca"
"355280904A","SP",-23.604,-46.762,10,"CEMADEN","mancha",7,"moda_mancha",7,0.8,0.978,4.45,"Taboão da Serra",8,"CEMADEN","jul","uniplu_vizinhanca"
"355410201A","SP",-23.03827,-45.573,10,"CEMADEN","mancha",7,"moda_mancha",7,1,1,0.89,"Taubaté",9,"CEMADEN","jul","uniplu_vizinhanca"
"410040003A","PR",-25.343,-49.246,10,"CEMADEN","mancha",5,"moda_mancha",5,0.6,0.799,6.35,"Almirante Tamandaré",9,"CEMADEN","mai","uniplu_vizinhanca"
"410040004A","PR",-25.259,-49.301,10,"CEMADEN","mancha",5,"moda_mancha",5,0.7,0.801,8.36,"Almirante Tamandaré",9,"CEMADEN","mai","uniplu_vizinhanca"
"410140803A","PR",-23.535992,-51.449794,10,"CEMADEN","mancha",8,"moda_mancha",8,0.9,0.988,10.09,"Apucarana",8,"CEMADEN","ago","uniplu_vizinhanca"
"410165501A","PR",-24.307,-51.784,10,"CEMADEN","mancha",8,"moda_mancha",8,0.9,0.854,11.49,"Arapuã",8,"CEMADEN","ago","uniplu_vizinhanca"
"410330501A","PR",-23.942,-51.59,10,"CEMADEN","mancha",8,"moda_mancha",8,1,1,0.29,"Borrazópolis",11,"CEMADEN","ago","uniplu_vizinhanca"
"410400602A","PR",-25.356,-49.109,10,"CEMADEN","transicao",6,"media_circ_ponderada",5,0.5,0.739,4.09,"Campina Grande do Sul",11,"CEMADEN","jun","uniplu_vizinhanca"
"410410501A","PR",-25.98,-49.68408,10,"CEMADEN","mancha",5,"moda_mancha",5,0.8,0.888,0.38,"Campo do Tenente",8,"CEMADEN","mai","uniplu_vizinhanca"
"410445101A","PR",-25.371891,-52.127045,10,"CEMADEN","mancha",8,"moda_mancha",8,1,1,1.28,"Cantagalo",8,"CEMADEN","ago","uniplu_vizinhanca"
"410520101A","PR",-24.82449,-49.26312,10,"CEMADEN","transicao",6,"media_circ_ponderada",8,0.5,0.739,2.37,"Cerro Azul",8,"CEMADEN","jun","uniplu_vizinhanca"
"410580501A","PR",-25.3612,-49.1892,10,"CEMADEN","mancha",5,"moda_mancha",5,0.7,0.825,9.41,"Colombo",10,"CEMADEN","mai","uniplu_vizinhanca"
"410650601A","PR",-25.97998,-52.56345,10,"CEMADEN","mancha",8,"moda_mancha",8,1,1,0.48,"Coronel Vivida",8,"CEMADEN","ago","uniplu_vizinhanca"
"410690202A","PR",-25.3536,-49.25527,10,"CEMADEN","mancha",5,"moda_mancha",5,0.6,0.799,7.78,"Curitiba",8,"CEMADEN","mai","uniplu_vizinhanca"
"410690208A","PR",-25.384,-49.197,10,"CEMADEN","mancha",5,"moda_mancha",5,0.7,0.825,8.19,"Curitiba",8,"CEMADEN","mai","uniplu_vizinhanca"
"410690210A","PR",-25.555,-49.284,10,"CEMADEN","mancha",5,"moda_mancha",5,0.7,0.801,11.83,"Curitiba",9,"CEMADEN","mai","uniplu_vizinhanca"
"410830401A","PR",-25.47005,-54.58558,10,"CEMADEN","mancha",8,"moda_mancha",8,1,1,8.88,"Foz do Iguaçu",8,"CEMADEN","ago","uniplu_vizinhanca"
"410830403A","PR",-25.573882,-54.570109,10,"CEMADEN","mancha",8,"moda_mancha",8,1,1,2.65,"Foz do Iguaçu",8,"CEMADEN","ago","uniplu_vizinhanca"
"410930201A","PR",-25.1,-52.866,10,"CEMADEN","mancha",8,"moda_mancha",8,1,1,2.67,"Guaraniaçu",10,"CEMADEN","ago","uniplu_vizinhanca"
"411070601A","PR",-25.47186,-50.65887,10,"CEMADEN","mancha",8,"moda_mancha",8,0.8,0.773,4.17,"Irati",8,"CEMADEN","ago","uniplu_vizinhanca"
"411200901A","PR",-24.278,-49.731,10,"CEMADEN","mancha",8,"moda_mancha",8,1,1,3.89,"Jaguariaíva",9,"CEMADEN","ago","uniplu_vizinhanca"
"411200903A","PR",-24.26,-49.716,10,"CEMADEN","mancha",8,"moda_mancha",8,1,1,1.56,"Jaguariaíva",8,"CEMADEN","ago","uniplu_vizinhanca"
"411705701A","PR",-25.30928,-52.53703,10,"CEMADEN","mancha",8,"moda_mancha",8,1,1,0.68,"Nova Laranjeiras",9,"CEMADEN","ago","uniplu_vizinhanca"
"411950903A","PR",-25.45,-49.101,10,"CEMADEN","mancha",5,"moda_mancha",5,0.4,0.759,3.81,"Piraquara",8,"CEMADEN","mai","uniplu_vizinhanca"
"412060601A","PR",-25.21334,-50.97847,10,"CEMADEN","mancha",8,"moda_mancha",8,0.7,0.71,3.3,"Prudentópolis",10,"CEMADEN","ago","uniplu_vizinhanca"
"412220601A","PR",-25.167,-49.309,10,"CEMADEN","transicao",6,"media_circ_ponderada",5,0.5,0.683,4.7,"Rio Branco do Sul",8,"CEMADEN","jun","uniplu_vizinhanca"
"412550602A","PR",-25.548,-49.156,10,"CEMADEN","transicao",7,"media_circ_ponderada",5,0.5,0.739,3.36,"São José dos Pinhais",10,"CEMADEN","jul","uniplu_vizinhanca"
"412570402A","PR",-25.344,-54.222,10,"CEMADEN","mancha",8,"moda_mancha",8,1,1,2.53,"São Miguel do Iguaçu",10,"CEMADEN","ago","uniplu_vizinhanca"
"412790801A","PR",-23.872,-52.877,10,"CEMADEN","mancha",8,"moda_mancha",8,1,1,0.9,"Tuneiras do Oeste",9,"CEMADEN","ago","uniplu_vizinhanca"
"412820302A","PR",-26.251,-51.1,10,"CEMADEN","transicao",4,"media_circ_ponderada",4,0.4,0.582,2.88,"União da Vitória",8,"CEMADEN","abr","uniplu_vizinhanca"
"420130704A","SC",-26.37228,-48.72337,10,"CEMADEN","mancha",8,"moda_mancha",8,0.6,0.94,14.56,"Araquari",9,"CEMADEN","ago","uniplu_vizinhanca"
"420150501A","SC",-28.26208,-49.01585,10,"CEMADEN","mancha",6,"moda_mancha",6,0.4,0.799,0.41,"Armazém",8,"CEMADEN","jun","uniplu_vizinhanca"
"420180202A","SC",-27.42093,-49.78439,10,"CEMADEN","mancha",4,"moda_mancha",4,0.5,0.941,5.32,"Atalanta",10,"CEMADEN","abr","uniplu_vizinhanca"
"420230501A","SC",-27.5421,-48.65434,10,"CEMADEN","mancha",7,"moda_mancha",7,0.5,0.945,7.47,"Biguaçu",8,"CEMADEN","jul","uniplu_vizinhanca"
"420450903A","SC",-26.43862,-49.22865,10,"CEMADEN","mancha",8,"moda_mancha",8,0.7,0.869,7.27,"Corupá",9,"CEMADEN","ago","uniplu_vizinhanca"
"420480601A","SC",-27.30408,-50.56729,10,"CEMADEN","transicao",5,"media_circ_ponderada",5,0.5,0.747,7.68,"Curitibanos",8,"CEMADEN","mai","uniplu_vizinhanca"
"420630603A","SC",-27.0679,-48.96227,10,"CEMADEN","mancha",8,"moda_mancha",8,0.7,0.896,6.11,"Guabiruba",9,"CEMADEN","ago","uniplu_vizinhanca"
"420650401A","SC",-26.475,-49.016,10,"CEMADEN","mancha",8,"moda_mancha",8,0.6,0.94,7.94,"Guaramirim",9,"CEMADEN","ago","uniplu_vizinhanca"
"420650403A","SC",-26.47323,-48.95957,10,"CEMADEN","mancha",8,"moda_mancha",8,0.7,0.942,14.15,"Guaramirim",8,"CEMADEN","ago","uniplu_vizinhanca"
"420750202A","SC",-26.88128,-49.23332,10,"CEMADEN","mancha",8,"moda_mancha",8,0.6,0.829,5.17,"Indaial",9,"CEMADEN","ago","uniplu_vizinhanca"
"420800501A","SC",-27.27476,-52.34034,10,"CEMADEN","mancha",3,"moda_mancha",3,0.4,0.786,17.91,"Itá",9,"CEMADEN","mar","uniplu_vizinhanca"
"420820316A","SC",-26.894,-48.688,10,"CEMADEN","mancha",8,"moda_mancha",8,0.7,0.869,15.48,"Itajaí",9,"CEMADEN","ago","uniplu_vizinhanca"
"420890601A","SC",-26.4799,-49.082,10,"CEMADEN","mancha",8,"moda_mancha",8,0.5,0.941,1.72,"Jaraguá do Sul",8,"CEMADEN","ago","uniplu_vizinhanca"
"420890606A","SC",-26.48459,-49.04547,10,"CEMADEN","mancha",8,"moda_mancha",8,0.6,0.94,4.79,"Jaraguá do Sul",8,"CEMADEN","ago","uniplu_vizinhanca"
"420980501A","SC",-27.50424,-49.28839,10,"CEMADEN","transicao",6,"media_circ_ponderada",8,0.3,0.711,0.38,"Leoberto Leal",8,"CEMADEN","jun","uniplu_vizinhanca"
"421100901A","SC",-27.10304,-53.39507,10,"CEMADEN","mancha",8,"moda_mancha",8,0.7,0.801,18.36,"Mondaí",8,"CEMADEN","ago","uniplu_vizinhanca"
"421330202A","SC",-27.481593,-50.380142,10,"CEMADEN","transicao",5,"media_circ_ponderada",5,0.5,0.747,0.54,"Ponte Alta",8,"CEMADEN","mai","uniplu_vizinhanca"
"421340101A","SC",-26.85814,-52.03214,10,"CEMADEN","transicao",4,"media_circ_ponderada",8,0.5,0.45,8.53,"Ponte Serrada",9,"CEMADEN","abr","uniplu_vizinhanca"
"421530703A","SC",-26.97143,-50.00102,10,"CEMADEN","mancha",5,"moda_mancha",5,0.4,0.753,14.43,"Salete",9,"CEMADEN","mai","uniplu_vizinhanca"
"421567901A","SC",-26.65671,-49.99276,10,"CEMADEN","mancha",4,"moda_mancha",4,0.4,0.82,17.68,"Santa Terezinha",8,"CEMADEN","abr","uniplu_vizinhanca"
"421860801A","SC",-27.300619,-49.791784,10,"CEMADEN","mancha",4,"moda_mancha",4,0.5,0.941,2.79,"Trombudo Central",8,"CEMADEN","abr","uniplu_vizinhanca"
"421930904A","SC",-27.00514,-51.0703,10,"CEMADEN","transicao",6,"media_circ_ponderada",8,0.5,0.637,8.87,"Videira",9,"CEMADEN","jun","uniplu_vizinhanca"
"430060402A","RS",-30.03555,-51.07962,10,"CEMADEN","mancha",4,"moda_mancha",4,0.4,0.766,10.59,"Alvorada",8,"CEMADEN","abr","uniplu_vizinhanca"
"430120601A","RS",-29.33448,-53.0845,10,"CEMADEN","transicao",2,"media_circ_ponderada",4,0.3,0.38,21.4,"Arroio do Tigre",8,"CEMADEN","fev","uniplu_vizinhanca"
"430235201A","RS",-29.489,-51.356,10,"CEMADEN","transicao",4,"media_circ_ponderada",5,0.6,0.722,13.71,"Bom Princípio",8,"CEMADEN","abr","uniplu_vizinhanca"
"430300402A","RS",-30.2557,-52.8021,10,"CEMADEN","mancha",12,"moda_mancha",12,0.7,0.567,26.5,"Cachoeira do Sul",8,"CEMADEN","dez","uniplu_vizinhanca"
"430350901A","RS",-30.851,-51.817,10,"CEMADEN","transicao",3,"media_circ_ponderada",3,0.3,0.584,1.89,"Camaquã",9,"CEMADEN","mar","uniplu_vizinhanca"
"430450704A","RS",-31.46143,-52.6245,10,"CEMADEN","transicao",3,"media_circ_ponderada",12,0.4,0.565,8.33,"Canguçu",8,"CEMADEN","mar","uniplu_vizinhanca"
"430460601A","RS",-29.966,-51.19,10,"CEMADEN","mancha",4,"moda_mancha",4,0.4,0.784,9.87,"Canoas",9,"CEMADEN","abr","uniplu_vizinhanca"
"430510801A","RS",-29.125,-51.179,10,"CEMADEN","mancha",5,"moda_mancha",5,0.7,0.78,7.94,"Caxias do Sul",8,"CEMADEN","mai","uniplu_vizinhanca"
"430510802A","RS",-29.214,-51.282,10,"CEMADEN","mancha",5,"moda_mancha",5,0.7,0.78,10.8,"Caxias do Sul",10,"CEMADEN","mai","uniplu_vizinhanca"
"430700502A","RS",-27.662,-52.261,10,"CEMADEN","mancha",3,"moda_mancha",3,0.5,0.826,20.43,"Erechim",11,"CEMADEN","mar","uniplu_vizinhanca"
"430830001A","RS",-28.98485,-52.34445,10,"CEMADEN","mancha",5,"moda_mancha",5,0.7,0.914,20.51,"Fontoura Xavier",8,"CEMADEN","mai","uniplu_vizinhanca"
"430920901A","RS",-29.886,-50.998,10,"CEMADEN","mancha",4,"moda_mancha",4,0.5,0.901,19.53,"Gravataí",11,"CEMADEN","abr","uniplu_vizinhanca"
"431020703A","RS",-28.38866,-53.91609,10,"CEMADEN","transicao",3,"media_circ_ponderada",3,0.4,0.412,2.44,"Ijuí",10,"CEMADEN","mar","uniplu_vizinhanca"
"431320101A","RS",-29.37557,-51.11443,10,"CEMADEN","mancha",5,"moda_mancha",5,0.7,0.749,9.55,"Nova Petrópolis",8,"CEMADEN","mai","uniplu_vizinhanca"
"431410001A","RS",-28.252,-52.395,10,"CEMADEN","mancha",5,"moda_mancha",5,0.5,0.774,3.21,"Passo Fundo",11,"CEMADEN","mai","uniplu_vizinhanca"
"431410002A","RS",-28.245,-52.37,10,"CEMADEN","mancha",5,"moda_mancha",5,0.5,0.774,5,"Passo Fundo",9,"CEMADEN","mai","uniplu_vizinhanca"
"431440703A","RS",-31.746,-52.317,10,"CEMADEN","mancha",12,"moda_mancha",12,0.7,0.676,11.81,"Pelotas",8,"CEMADEN","dez","uniplu_vizinhanca"
"431540401A","RS",-27.662,-53.643,10,"CEMADEN","mancha",8,"moda_mancha",8,0.7,0.516,18.72,"Redentora",8,"CEMADEN","ago","uniplu_vizinhanca"
"431690707A","RS",-29.727,-53.807,10,"CEMADEN","mancha",12,"moda_mancha",12,0.7,0.557,9.6,"Santa Maria",11,"CEMADEN","dez","uniplu_vizinhanca"
"431720202A","RS",-27.86,-54.445,10,"CEMADEN","transicao",3,"media_circ_ponderada",3,0.4,0.302,11.64,"Santa Rosa",8,"CEMADEN","mar","uniplu_vizinhanca"
"432040401A","RS",-28.710219,-51.929817,10,"CEMADEN","mancha",5,"moda_mancha",5,0.6,0.828,12.28,"Serafina Corrêa",8,"CEMADEN","mai","uniplu_vizinhanca"
"432250903A","RS",-28.51772,-50.94647,10,"CEMADEN","mancha",5,"moda_mancha",5,0.6,0.94,27.59,"Vacaria",8,"CEMADEN","mai","uniplu_vizinhanca"
"432250904A","RS",-28.503,-50.94,10,"CEMADEN","mancha",5,"moda_mancha",5,0.6,0.94,27.15,"Vacaria",10,"CEMADEN","mai","uniplu_vizinhanca"
"432260802A","RS",-29.6,-52.195,10,"CEMADEN","transicao",3,"media_circ_ponderada",5,0.3,0.151,28.31,"Venâncio Aires",8,"CEMADEN","mar","uniplu_vizinhanca"
"432300204A","RS",-30.078,-51.105,10,"CEMADEN","mancha",4,"moda_mancha",4,0.5,0.801,8.05,"Viamão",10,"CEMADEN","abr","uniplu_vizinhanca"
"500540001A","MS",-21.63528,-55.1584,10,"CEMADEN","mancha",8,"moda_mancha",8,0.8,0.978,3.02,"Maracaju",8,"CEMADEN","ago","uniplu_vizinhanca"
"520025803A","GO",-15.754,-48.262,10,"CEMADEN","mancha",7,"moda_mancha",7,1,1,4.51,"Águas Lindas de Goiás",8,"CEMADEN","jul","uniplu_vizinhanca"
"520110801A","GO",-16.350452,-48.958235,10,"CEMADEN","mancha",7,"moda_mancha",7,1,1,19.67,"Anápolis",8,"CEMADEN","jul","uniplu_vizinhanca"
"521190901A","GO",-17.887,-51.725,10,"CEMADEN","mancha",7,"moda_mancha",7,1,1,4.15,"Jataí",9,"CEMADEN","jul","uniplu_vizinhanca"
"521460601A","GO",-14.458,-48.437,10,"CEMADEN","mancha",7,"moda_mancha",7,1,1,3.03,"Niquelândia",8,"CEMADEN","jul","uniplu_vizinhanca"
"521460602A","GO",-14.466,-48.458,10,"CEMADEN","mancha",7,"moda_mancha",7,1,1,1,"Niquelândia",11,"CEMADEN","jul","uniplu_vizinhanca"
"521830001A","GO",-14.093,-46.362,10,"CEMADEN","mancha",7,"moda_mancha",7,1,1,0.67,"Posse",8,"CEMADEN","jul","uniplu_vizinhanca"
"72810000","SC",-27.0881,-51.2581,15,"TELEMETRIA","transicao",6,"media_circ_ponderada",8,0.6,0.607,15.48,"Tangará",9,"TELEMETRIA","jun","uniplu_vizinhanca"
"A001","DF",-15.78944444,-47.92583332,60,"INMET SUBDIÁRIO","mancha",7,"moda_mancha",7,1,1,0.1,"Brasilia",17,"INMET SUBDIÁRIO","jul","uniplu_vizinhanca"
"A002","GO",-16.64277777,-49.22027777,60,"INMET SUBDIÁRIO","mancha",7,"moda_mancha",7,1,1,5.89,"Goiania",10,"INMET SUBDIÁRIO","jul","uniplu_vizinhanca"
"A003","GO",-17.74499999,-49.10166666,60,"INMET SUBDIÁRIO","mancha",7,"moda_mancha",7,1,1,2.03,"Morrinhos",14,"INMET SUBDIÁRIO","jul","uniplu_vizinhanca"
"A009","TO",-10.14777777,-48.31444444,60,"INMET SUBDIÁRIO","mancha",7,"moda_mancha",7,0.9,0.988,0.1,"Palmas",9,"INMET SUBDIÁRIO","jul","uniplu_vizinhanca"
"A013","GO",-15.90277777,-52.24527777,60,"INMET SUBDIÁRIO","mancha",7,"moda_mancha",7,1,1,0.61,"Aragarcas",9,"INMET SUBDIÁRIO","jul","uniplu_vizinhanca"
"A014","GO",-15.93972221,-50.14138888,60,"INMET SUBDIÁRIO","mancha",7,"moda_mancha",7,1,1,0.16,"Goias",11,"INMET SUBDIÁRIO","jul","uniplu_vizinhanca"
"A016","GO",-17.9236111,-51.71749999,60,"INMET SUBDIÁRIO","mancha",7,"moda_mancha",7,1,1,0.1,"Jatai",11,"INMET SUBDIÁRIO","jul","uniplu_vizinhanca"
"A019","TO",-11.74499999,-49.05166666,60,"INMET SUBDIÁRIO","mancha",7,"moda_mancha",7,1,1,9.41,"Gurupi",11,"INMET SUBDIÁRIO","jul","uniplu_vizinhanca"
"A020","TO",-8.9686111,-48.17722221,60,"INMET SUBDIÁRIO","mancha",7,"moda_mancha",7,1,1,0.1,"Pedro Afonso",10,"INMET SUBDIÁRIO","jul","uniplu_vizinhanca"
"A025","GO",-17.78527777,-50.965,60,"INMET SUBDIÁRIO","mancha",7,"moda_mancha",7,1,1,0.76,"Rio Verde",8,"INMET SUBDIÁRIO","jul","uniplu_vizinhanca"
"A027","GO",-16.9625,-50.42555554,60,"INMET SUBDIÁRIO","mancha",7,"moda_mancha",7,1,1,2.81,"Parauna",9,"INMET SUBDIÁRIO","jul","uniplu_vizinhanca"
"A033","GO",-17.30416666,-48.28416666,60,"INMET SUBDIÁRIO","mancha",7,"moda_mancha",7,1,1,25.18,"Pires do Rio",9,"INMET SUBDIÁRIO","jul","uniplu_vizinhanca"
"A034","GO",-18.154779,-47.927614,60,"INMET SUBDIÁRIO","mancha",7,"moda_mancha",7,1,1,3.79,"Catalao",9,"INMET SUBDIÁRIO","jul","uniplu_vizinhanca"
"A036","GO",-16.78499999,-47.61305555,60,"INMET SUBDIÁRIO","mancha",7,"moda_mancha",7,0.9,0.988,1.14,"Cristalina",13,"INMET SUBDIÁRIO","jul","uniplu_vizinhanca"
"A045","DF",-15.59638888,-47.62583332,60,"INMET SUBDIÁRIO","mancha",7,"moda_mancha",7,0.9,0.988,5.88,"Aguas Emendadas",11,"INMET SUBDIÁRIO","jul","uniplu_vizinhanca"
"A101","AM",-3.10333333,-60.01638888,60,"INMET SUBDIÁRIO","mancha",8,"moda_mancha",8,0.7,0.971,0.1,"Manaus",11,"INMET SUBDIÁRIO","ago","uniplu_vizinhanca"
"A111","AM",-7.26055555,-64.7886111,60,"INMET SUBDIÁRIO","mancha",8,"moda_mancha",8,0.6,0.967,0.18,"Labrea",8,"INMET SUBDIÁRIO","ago","uniplu_vizinhanca"
"A119","AM",-3.29472221,-60.62833332,60,"INMET SUBDIÁRIO","mancha",8,"moda_mancha",8,0.5,0.916,2.59,"Manacapuru",9,"INMET SUBDIÁRIO","ago","uniplu_vizinhanca"
"A125","AM",-2.6336111,-59.60055555,60,"INMET SUBDIÁRIO","mancha",8,"moda_mancha",8,0.8,0.978,13.26,"Rio Urubu",10,"INMET SUBDIÁRIO","ago","uniplu_vizinhanca"
"A126","AM",-2.05666666,-60.02583332,60,"INMET SUBDIÁRIO","mancha",8,"moda_mancha",8,0.6,0.94,1.66,"Presidente Figueiredo",8,"INMET SUBDIÁRIO","ago","uniplu_vizinhanca"
"A134","AM",-0.12527777,-67.06111111,60,"INMET SUBDIÁRIO","mancha",11,"moda_mancha",11,0.6,0.844,0.1,"S, G. da Cachoeira",8,"INMET SUBDIÁRIO","nov","uniplu_vizinhanca"
"A201","PA",-1.411228,-48.439512,60,"INMET SUBDIÁRIO","mancha",9,"moda_mancha",9,0.8,0.978,2.74,"Belem",10,"INMET SUBDIÁRIO","set","uniplu_vizinhanca"
"A209","PA",-3.51083333,-52.96333333,60,"INMET SUBDIÁRIO","mancha",8,"moda_mancha",8,0.5,0.966,51.92,"Medicilandia",9,"INMET SUBDIÁRIO","ago","uniplu_vizinhanca"
"A301","PE",-8.05928,-34.959239,60,"INMET SUBDIÁRIO","mancha",11,"moda_mancha",11,1,1,0.12,"Recife",8,"INMET SUBDIÁRIO","nov","uniplu_vizinhanca"
"A303","AL",-9.55111111,-35.77027777,60,"INMET SUBDIÁRIO","mancha",11,"moda_mancha",11,0.7,0.971,0.1,"Maceio",14,"INMET SUBDIÁRIO","nov","uniplu_vizinhanca"
"A307","PE",-9.38833333,-40.52333332,60,"INMET SUBDIÁRIO","mancha",8,"moda_mancha",8,0.9,0.988,0.1,"Petrolina",12,"INMET SUBDIÁRIO","ago","uniplu_vizinhanca"
"A310","PB",-6.97555554,-35.71805554,60,"INMET SUBDIÁRIO","mancha",10,"moda_mancha",10,0.5,0.966,0.1,"Areia",15,"INMET SUBDIÁRIO","out","uniplu_vizinhanca"
"A313","PB",-7.22555554,-35.90472222,60,"INMET SUBDIÁRIO","mancha",10,"moda_mancha",10,0.6,0.952,0.1,"Campina Grande",10,"INMET SUBDIÁRIO","out","uniplu_vizinhanca"
"A314","CE",-4.22916666,-38.95888888,60,"INMET SUBDIÁRIO","mancha",10,"moda_mancha",10,0.6,0.967,4.69,"Guaramiranga",8,"INMET SUBDIÁRIO","out","uniplu_vizinhanca"
"A316","RN",-6.46749999,-37.08499999,60,"INMET SUBDIÁRIO","mancha",9,"moda_mancha",9,1,1,1.67,"Caico",9,"INMET SUBDIÁRIO","set","uniplu_vizinhanca"
"A318","RN",-4.90416666,-37.36694443,60,"INMET SUBDIÁRIO","mancha",9,"moda_mancha",9,0.9,0.988,12.13,"Mossoro",8,"INMET SUBDIÁRIO","set","uniplu_vizinhanca"
"A322","PE",-8.9108333300000009,-36.49333333,60,"INMET SUBDIÁRIO","mancha",9,"moda_mancha",9,0.5,0.759,0.1,"Garanhuns",8,"INMET SUBDIÁRIO","set","uniplu_vizinhanca"
"A329","PE",-8.50388888,-39.31527777,60,"INMET SUBDIÁRIO","mancha",8,"moda_mancha",8,0.8,0.978,0.46,"Cabrobo",11,"INMET SUBDIÁRIO","ago","uniplu_vizinhanca"
"A330","PI",-8.13222221,-41.14305555,60,"INMET SUBDIÁRIO","mancha",8,"moda_mancha",8,1,1,0.1,"Paulistana",8,"INMET SUBDIÁRIO","ago","uniplu_vizinhanca"
"A332","CE",-5.0911111,-38.36472222,60,"INMET SUBDIÁRIO","mancha",9,"moda_mancha",9,0.7,0.971,2.29,"Morada Nova",9,"INMET SUBDIÁRIO","set","uniplu_vizinhanca"
"A333","PB",-6.835777,-38.311583,60,"INMET SUBDIÁRIO","mancha",9,"moda_mancha",9,0.7,0.971,0.1,"Sao Goncalo",9,"INMET SUBDIÁRIO","set","uniplu_vizinhanca"
"A342","CE",-5.18666666,-40.67222221,60,"INMET SUBDIÁRIO","mancha",9,"moda_mancha",9,0.8,0.978,0.44,"Crateus",11,"INMET SUBDIÁRIO","set","uniplu_vizinhanca"
"A348","PB",-7.48333333,-36.28638888,60,"INMET SUBDIÁRIO","mancha",9,"moda_mancha",9,0.6,0.967,0.99,"Cabaceiras",9,"INMET SUBDIÁRIO","set","uniplu_vizinhanca"
"A354","PI",-6.97416666,-42.14694444,60,"INMET SUBDIÁRIO","mancha",8,"moda_mancha",8,0.7,0.971,4.54,"Oeiras",10,"INMET SUBDIÁRIO","ago","uniplu_vizinhanca"
"A363","PI",-6.4236111,-41.74888888,60,"INMET SUBDIÁRIO","mancha",8,"moda_mancha",8,1,1,2.62,"Valenca do Piaui",9,"INMET SUBDIÁRIO","ago","uniplu_vizinhanca"
"A365","PI",-8.11805554,-42.97583332,60,"INMET SUBDIÁRIO","mancha",8,"moda_mancha",8,0.6,0.967,2.87,"Canto do Buriti",8,"INMET SUBDIÁRIO","ago","uniplu_vizinhanca"
"A401","BA",-13.005515,-38.50576,60,"INMET SUBDIÁRIO","mancha",10,"moda_mancha",10,0.6,0.778,0.69,"Salvador",10,"INMET SUBDIÁRIO","out","uniplu_vizinhanca"
"A402","BA",-12.12472221,-45.02694443,60,"INMET SUBDIÁRIO","mancha",7,"moda_mancha",7,1,1,4.02,"Barreiras",8,"INMET SUBDIÁRIO","jul","uniplu_vizinhanca"
"A406","BA",-12.67555554,-39.08944444,60,"INMET SUBDIÁRIO","transicao",7,"media_circ_ponderada",10,0.3,0.224,0.1,"Cruz das Almas",9,"INMET SUBDIÁRIO","jul","uniplu_vizinhanca"
"A407","BA",-13.52777777,-40.11972221,60,"INMET SUBDIÁRIO","mancha",7,"moda_mancha",7,0.7,0.703,0.25,"Itirucu",11,"INMET SUBDIÁRIO","jul","uniplu_vizinhanca"
"A408","BA",-12.52416666,-40.29972221,60,"INMET SUBDIÁRIO","mancha",7,"moda_mancha",7,0.9,0.988,0.46,"Itaberaba",11,"INMET SUBDIÁRIO","jul","uniplu_vizinhanca"
"A409","SE",-10.9525,-37.05444444,60,"INMET SUBDIÁRIO","mancha",11,"moda_mancha",11,1,1,0.57,"Aracaju",10,"INMET SUBDIÁRIO","nov","uniplu_vizinhanca"
"A414","BA",-14.88638888,-40.80138888,60,"INMET SUBDIÁRIO","mancha",7,"moda_mancha",7,0.7,0.971,0.1,"Vitoria da Conquista",8,"INMET SUBDIÁRIO","jul","uniplu_vizinhanca"
"A417","SE",-11.27249999,-37.79499999,60,"INMET SUBDIÁRIO","transicao",10,"media_circ_ponderada",11,0.4,0.633,0.62,"Itabaianinha",9,"INMET SUBDIÁRIO","out","uniplu_vizinhanca"
"A425","BA",-12.55777777,-41.38888888,60,"INMET SUBDIÁRIO","mancha",7,"moda_mancha",7,0.7,0.923,0.1,"Lencois",8,"INMET SUBDIÁRIO","jul","uniplu_vizinhanca"
"A427","BA",-16.38888888,-39.18249999,60,"INMET SUBDIÁRIO","mancha",7,"moda_mancha",7,0.4,0.777,46.15,"Porto Seguro",8,"INMET SUBDIÁRIO","jul","uniplu_vizinhanca"
"A429","BA",-11.08472221,-43.13888888,60,"INMET SUBDIÁRIO","mancha",7,"moda_mancha",7,0.9,0.988,0.1,"Barra",8,"INMET SUBDIÁRIO","jul","uniplu_vizinhanca"
"A430","BA",-13.15555555,-41.77416666,60,"INMET SUBDIÁRIO","mancha",7,"moda_mancha",7,0.9,0.988,1.19,"Piata",8,"INMET SUBDIÁRIO","jul","uniplu_vizinhanca"
"A431","BA",-12.035833330000001,-37.68388888,60,"INMET SUBDIÁRIO","mancha",11,"moda_mancha",11,0.4,0.777,8.4,"Conde",8,"INMET SUBDIÁRIO","nov","uniplu_vizinhanca"
"A433","BA",-14.18194443,-41.67222221,60,"INMET SUBDIÁRIO","mancha",7,"moda_mancha",7,1,1,2.1,"Brumado",9,"INMET SUBDIÁRIO","jul","uniplu_vizinhanca"
"A434","BA",-13.00944444,-39.61694443,60,"INMET SUBDIÁRIO","mancha",7,"moda_mancha",7,0.7,0.879,3.82,"Amargosa",9,"INMET SUBDIÁRIO","jul","uniplu_vizinhanca"
"A502","MG",-21.22833332,-43.76777777,60,"INMET SUBDIÁRIO","mancha",7,"moda_mancha",7,0.9,0.988,1.3,"Barbacena",16,"INMET SUBDIÁRIO","jul","uniplu_vizinhanca"
"A505","MG",-19.60583333,-46.94972221,60,"INMET SUBDIÁRIO","mancha",7,"moda_mancha",7,1,1,0.1,"Araxa",11,"INMET SUBDIÁRIO","jul","uniplu_vizinhanca"
"A506","MG",-16.68638888,-43.84388888,60,"INMET SUBDIÁRIO","mancha",7,"moda_mancha",7,0.8,0.978,0.1,"Montes Claros",10,"INMET SUBDIÁRIO","jul","uniplu_vizinhanca"
"A507","MG",-18.91694443,-48.25555555,60,"INMET SUBDIÁRIO","mancha",7,"moda_mancha",7,1,1,10.73,"Uberlandia",14,"INMET SUBDIÁRIO","jul","uniplu_vizinhanca"
"A508","MG",-16.16666666,-40.68777777,60,"INMET SUBDIÁRIO","mancha",6,"moda_mancha",6,0.6,0.967,7.7,"Almenara",11,"INMET SUBDIÁRIO","jun","uniplu_vizinhanca"
"A509","MG",-22.86166666,-46.04333333,60,"INMET SUBDIÁRIO","mancha",7,"moda_mancha",7,1,1,10.47,"Monte Verde",13,"INMET SUBDIÁRIO","jul","uniplu_vizinhanca"
"A510","MG",-20.762607,-42.864013,60,"INMET SUBDIÁRIO","mancha",7,"moda_mancha",7,0.8,0.978,0.53,"Vicosa",13,"INMET SUBDIÁRIO","jul","uniplu_vizinhanca"
"A511","MG",-19.57388888,-42.62249999,60,"INMET SUBDIÁRIO","mancha",7,"moda_mancha",7,0.8,0.978,5.97,"Timoteo",11,"INMET SUBDIÁRIO","jul","uniplu_vizinhanca"
"A512","MG",-18.95277777,-49.52499999,60,"INMET SUBDIÁRIO","mancha",7,"moda_mancha",7,1,1,0.63,"Ituiutaba",9,"INMET SUBDIÁRIO","jul","uniplu_vizinhanca"
"A513","MG",-20.55666666,-43.75611111,60,"INMET SUBDIÁRIO","mancha",7,"moda_mancha",7,1,1,7.59,"Ouro Branco",9,"INMET SUBDIÁRIO","jul","uniplu_vizinhanca"
"A514","MG",-21.10638888,-44.25083333,60,"INMET SUBDIÁRIO","mancha",7,"moda_mancha",7,0.9,0.988,2.71,"Sao Joao Del Rei",12,"INMET SUBDIÁRIO","jul","uniplu_vizinhanca"
"A516","MG",-20.745237,-46.633916,60,"INMET SUBDIÁRIO","mancha",7,"moda_mancha",7,1,1,11.27,"Passos",10,"INMET SUBDIÁRIO","jul","uniplu_vizinhanca"
"A517","MG",-21.105,-42.37583332,60,"INMET SUBDIÁRIO","mancha",7,"moda_mancha",7,0.7,0.971,16.66,"Muriae",12,"INMET SUBDIÁRIO","jul","uniplu_vizinhanca"
"A518","MG",-21.769965,-43.364329,60,"INMET SUBDIÁRIO","mancha",7,"moda_mancha",7,1,1,0.1,"Juiz de Fora",13,"INMET SUBDIÁRIO","jul","uniplu_vizinhanca"
"A519","MG",-19.53921,-49.518133,60,"INMET SUBDIÁRIO","mancha",7,"moda_mancha",7,1,1,3.9,"Campina Verde",9,"INMET SUBDIÁRIO","jul","uniplu_vizinhanca"
"A520","MG",-19.98583333,-48.15166666,60,"INMET SUBDIÁRIO","mancha",7,"moda_mancha",7,0.9,0.988,26.55,"Conceicao das Alagoas",8,"INMET SUBDIÁRIO","jul","uniplu_vizinhanca"
"A521","MG",-19.88388888,-43.96944443,60,"INMET SUBDIÁRIO","mancha",7,"moda_mancha",7,1,1,5.92,"Belo Horizonte - Pampulha",17,"INMET SUBDIÁRIO","jul","uniplu_vizinhanca"
"A523","MG",-18.99666666,-46.98583333,60,"INMET SUBDIÁRIO","mancha",7,"moda_mancha",7,1,1,7.7,"Patrocinio",10,"INMET SUBDIÁRIO","jul","uniplu_vizinhanca"
"A524","MG",-20.455,-45.45388888,60,"INMET SUBDIÁRIO","mancha",7,"moda_mancha",7,1,1,3.86,"Formiga",10,"INMET SUBDIÁRIO","jul","uniplu_vizinhanca"
"A525","MG",-19.87527777,-47.43416666,60,"INMET SUBDIÁRIO","mancha",7,"moda_mancha",7,1,1,8.83,"Sacramento",9,"INMET SUBDIÁRIO","jul","uniplu_vizinhanca"
"A527","MG",-17.89277777,-41.51555555,60,"INMET SUBDIÁRIO","mancha",6,"moda_mancha",6,0.9,0.988,3.69,"Teofilo Otoni",11,"INMET SUBDIÁRIO","jun","uniplu_vizinhanca"
"A528","MG",-18.200855,-45.459836,60,"INMET SUBDIÁRIO","mancha",7,"moda_mancha",7,0.9,0.988,19.38,"Tres Marias",12,"INMET SUBDIÁRIO","jul","uniplu_vizinhanca"
"A530","MG",-21.91805554,-46.38305554,60,"INMET SUBDIÁRIO","mancha",7,"moda_mancha",7,1,1,0.4,"Caldas",10,"INMET SUBDIÁRIO","jul","uniplu_vizinhanca"
"A531","MG",-22.31444444,-45.37305554,60,"INMET SUBDIÁRIO","mancha",7,"moda_mancha",7,1,1,0.1,"Maria da Fe",13,"INMET SUBDIÁRIO","jul","uniplu_vizinhanca"
"A532","MG",-18.83027777,-41.97694443,60,"INMET SUBDIÁRIO","mancha",7,"moda_mancha",7,0.7,0.971,5.32,"Governador Valadares",9,"INMET SUBDIÁRIO","jul","uniplu_vizinhanca"
"A533","MG",-18.78694444,-42.94305555,60,"INMET SUBDIÁRIO","mancha",7,"moda_mancha",7,0.7,0.971,2.11,"Guanhaes",8,"INMET SUBDIÁRIO","jul","uniplu_vizinhanca"
"A535","MG",-19.88527777,-44.41694443,60,"INMET SUBDIÁRIO","mancha",7,"moda_mancha",7,1,1,0.62,"Florestal",10,"INMET SUBDIÁRIO","jul","uniplu_vizinhanca"
"A536","MG",-19.48194443,-45.59388888,60,"INMET SUBDIÁRIO","mancha",7,"moda_mancha",7,0.9,0.988,1.72,"Dores do Indaia",15,"INMET SUBDIÁRIO","jul","uniplu_vizinhanca"
"A537","MG",-18.231052,-43.648269,60,"INMET SUBDIÁRIO","mancha",7,"moda_mancha",7,0.8,0.978,3.29,"Diamantina",16,"INMET SUBDIÁRIO","jul","uniplu_vizinhanca"
"A538","MG",-18.74777777,-44.45388888,60,"INMET SUBDIÁRIO","mancha",7,"moda_mancha",7,0.9,0.988,0.5,"Curvelo",15,"INMET SUBDIÁRIO","jul","uniplu_vizinhanca"
"A539","MG",-15.08583333,-44.01611111,60,"INMET SUBDIÁRIO","mancha",6,"moda_mancha",6,0.5,0.966,0.1,"Mocambinho",8,"INMET SUBDIÁRIO","jun","uniplu_vizinhanca"
"A540","MG",-18.78062,-40.986505,60,"INMET SUBDIÁRIO","mancha",6,"moda_mancha",6,0.9,0.988,10.91,"Mantena",12,"INMET SUBDIÁRIO","jun","uniplu_vizinhanca"
"A541","MG",-17.70555555,-42.38916666,60,"INMET SUBDIÁRIO","mancha",6,"moda_mancha",6,0.7,0.971,15.28,"Capelinha",10,"INMET SUBDIÁRIO","jun","uniplu_vizinhanca"
"A542","MG",-16.55416666,-46.88194443,60,"INMET SUBDIÁRIO","mancha",7,"moda_mancha",7,1,1,18.06,"Unai",11,"INMET SUBDIÁRIO","jul","uniplu_vizinhanca"
"A544","MG",-15.52416666,-46.43555555,60,"INMET SUBDIÁRIO","mancha",7,"moda_mancha",7,0.9,0.988,10.42,"Buritis",10,"INMET SUBDIÁRIO","jul","uniplu_vizinhanca"
"A545","MG",-17.258064,-44.835556,60,"INMET SUBDIÁRIO","mancha",7,"moda_mancha",7,0.6,0.967,13.86,"Pirapora",11,"INMET SUBDIÁRIO","jul","uniplu_vizinhanca"
"A547","MG",-16.36277777,-45.12388888,60,"INMET SUBDIÁRIO","mancha",7,"moda_mancha",7,0.9,0.988,4.67,"Sao Romao",10,"INMET SUBDIÁRIO","jul","uniplu_vizinhanca"
"A550","MG",-16.57555554,-41.48555555,60,"INMET SUBDIÁRIO","mancha",6,"moda_mancha",6,0.5,0.966,2.11,"Itaobim",8,"INMET SUBDIÁRIO","jun","uniplu_vizinhanca"
"A551","MG",-15.72305554,-42.43583333,60,"INMET SUBDIÁRIO","mancha",6,"moda_mancha",6,0.6,0.967,18.58,"Rio Pardo de Minas",14,"INMET SUBDIÁRIO","jun","uniplu_vizinhanca"
"A552","MG",-16.16027777,-42.31027777,60,"INMET SUBDIÁRIO","mancha",6,"moda_mancha",6,0.6,0.967,2.88,"Salinas",14,"INMET SUBDIÁRIO","jun","uniplu_vizinhanca"
"A554","MG",-19.73583333,-42.13722221,60,"INMET SUBDIÁRIO","mancha",7,"moda_mancha",7,0.7,0.971,0.56,"Caratinga",13,"INMET SUBDIÁRIO","jul","uniplu_vizinhanca"
"A555","MG",-20.03138888,-44.01111111,60,"INMET SUBDIÁRIO","mancha",7,"moda_mancha",7,1,1,3.79,"Ibirite (rola Moca)",12,"INMET SUBDIÁRIO","jul","uniplu_vizinhanca"
"A564","MG",-20.17333332,-44.87499999,60,"INMET SUBDIÁRIO","mancha",7,"moda_mancha",7,0.9,0.988,4.46,"Divinopolis",8,"INMET SUBDIÁRIO","jul","uniplu_vizinhanca"
"A601","RJ",-22.75777777,-43.68472221,60,"INMET SUBDIÁRIO","mancha",7,"moda_mancha",7,0.6,0.967,0.1,"Seropedica-ecologia Agricola",11,"INMET SUBDIÁRIO","jul","uniplu_vizinhanca"
"A602","RJ",-23.05027777,-43.59555555,60,"INMET SUBDIÁRIO","mancha",8,"moda_mancha",8,0.7,0.914,15.75,"Rio de Janeiro-marambaia",8,"INMET SUBDIÁRIO","ago","uniplu_vizinhanca"
"A603","RJ",-22.58972221,-43.28222221,60,"INMET SUBDIÁRIO","mancha",7,"moda_mancha",7,0.8,0.978,12.64,"Duque de Caxias - Xerem",9,"INMET SUBDIÁRIO","jul","uniplu_vizinhanca"
"A604","RJ",-21.58749999,-41.95833333,60,"INMET SUBDIÁRIO","mancha",7,"moda_mancha",7,0.6,0.967,5.15,"Cambuci",13,"INMET SUBDIÁRIO","jul","uniplu_vizinhanca"
"A606","RJ",-22.97527777,-42.02138888,60,"INMET SUBDIÁRIO","mancha",7,"moda_mancha",7,0.6,0.967,1.09,"Arraial do Cabo",8,"INMET SUBDIÁRIO","jul","uniplu_vizinhanca"
"A607","RJ",-21.71472222,-41.34388888,60,"INMET SUBDIÁRIO","mancha",7,"moda_mancha",7,0.7,0.961,3.32,"Campos dos Goytacazes",14,"INMET SUBDIÁRIO","jul","uniplu_vizinhanca"
"A609","RJ",-22.45138888,-44.44499999,60,"INMET SUBDIÁRIO","mancha",7,"moda_mancha",7,0.9,0.988,0.58,"Resende",10,"INMET SUBDIÁRIO","jul","uniplu_vizinhanca"
"A610","RJ",-22.46472222,-43.29138888,60,"INMET SUBDIÁRIO","mancha",7,"moda_mancha",7,1,1,13.76,"Pico do Couto",9,"INMET SUBDIÁRIO","jul","uniplu_vizinhanca"
"A611","RJ",-22.35805555,-43.69555555,60,"INMET SUBDIÁRIO","mancha",7,"moda_mancha",7,1,1,5.45,"Valenca",9,"INMET SUBDIÁRIO","jul","uniplu_vizinhanca"
"A612","ES",-20.27083332,-40.30583333,60,"INMET SUBDIÁRIO","mancha",6,"moda_mancha",6,0.6,0.967,5.68,"Vitoria",15,"INMET SUBDIÁRIO","jun","uniplu_vizinhanca"
"A613","ES",-19.98833333,-40.57944443,60,"INMET SUBDIÁRIO","mancha",6,"moda_mancha",6,0.7,0.971,4.91,"Santa Teresa",12,"INMET SUBDIÁRIO","jun","uniplu_vizinhanca"
"A614","ES",-19.35694444,-40.0686111,60,"INMET SUBDIÁRIO","mancha",6,"moda_mancha",6,0.9,0.988,6.52,"Linhares",12,"INMET SUBDIÁRIO","jun","uniplu_vizinhanca"
"A615","ES",-20.63638888,-40.74194444,60,"INMET SUBDIÁRIO","mancha",7,"moda_mancha",7,1,1,0.96,"Alfredo Chaves",10,"INMET SUBDIÁRIO","jul","uniplu_vizinhanca"
"A616","ES",-18.6761111,-39.86416666,60,"INMET SUBDIÁRIO","mancha",6,"moda_mancha",6,1,1,4.08,"Sao Mateus",12,"INMET SUBDIÁRIO","jun","uniplu_vizinhanca"
"A617","ES",-20.75055555,-41.48888888,60,"INMET SUBDIÁRIO","mancha",7,"moda_mancha",7,1,1,2.56,"Alegre",12,"INMET SUBDIÁRIO","jul","uniplu_vizinhanca"
"A619","RJ",-23.2236111,-44.72694443,60,"INMET SUBDIÁRIO","mancha",7,"moda_mancha",7,0.6,0.967,4.14,"Paraty",8,"INMET SUBDIÁRIO","jul","uniplu_vizinhanca"
"A621","RJ",-22.86138888,-43.41138888,60,"INMET SUBDIÁRIO","mancha",8,"moda_mancha",8,0.7,0.914,1.67,"Rio de Janeiro - Vila Militar",10,"INMET SUBDIÁRIO","ago","uniplu_vizinhanca"
"A624","RJ",-22.33472221,-42.67694443,60,"INMET SUBDIÁRIO","mancha",7,"moda_mancha",7,1,1,5.75,"Nova Friburgo - Salinas",8,"INMET SUBDIÁRIO","jul","uniplu_vizinhanca"
"A701","SP",-23.4962888,-46.6200666,60,"INMET SUBDIÁRIO","mancha",7,"moda_mancha",7,0.7,0.971,0.1,"Sao Paulo - Mirante",17,"INMET SUBDIÁRIO","jul","uniplu_vizinhanca"
"A702","MS",-20.44722221,-54.72249999,60,"INMET SUBDIÁRIO","mancha",7,"moda_mancha",7,0.5,0.934,0.1,"Campo Grande",15,"INMET SUBDIÁRIO","jul","uniplu_vizinhanca"
"A703","MS",-22.5525,-55.71638888,60,"INMET SUBDIÁRIO","mancha",8,"moda_mancha",8,0.7,0.942,0.49,"Ponta Pora",13,"INMET SUBDIÁRIO","ago","uniplu_vizinhanca"
"A704","MS",-20.79499999,-51.71333333,60,"INMET SUBDIÁRIO","mancha",7,"moda_mancha",7,1,1,0.1,"Tres Lagoas",8,"INMET SUBDIÁRIO","jul","uniplu_vizinhanca"
"A705","SP",-22.35805555,-49.02888888,60,"INMET SUBDIÁRIO","mancha",7,"moda_mancha",7,1,1,4.62,"Bauru",11,"INMET SUBDIÁRIO","jul","uniplu_vizinhanca"
"A706","SP",-22.75027777,-45.60388888,60,"INMET SUBDIÁRIO","mancha",7,"moda_mancha",7,1,1,0.43,"Campos do Jordao",10,"INMET SUBDIÁRIO","jul","uniplu_vizinhanca"
"A707","SP",-22.11999999,-51.40861111,60,"INMET SUBDIÁRIO","mancha",7,"moda_mancha",7,1,1,0.1,"Presidente Prudente",8,"INMET SUBDIÁRIO","jul","uniplu_vizinhanca"
"A708","SP",-20.58444444,-47.38249999,60,"INMET SUBDIÁRIO","mancha",7,"moda_mancha",7,0.8,0.978,0.1,"Franca",11,"INMET SUBDIÁRIO","jul","uniplu_vizinhanca"
"A709","MS",-22.30055555,-53.82277777,60,"INMET SUBDIÁRIO","mancha",8,"moda_mancha",8,0.5,0.941,0.1,"Ivinhema",8,"INMET SUBDIÁRIO","ago","uniplu_vizinhanca"
"A711","SP",-21.98027777,-47.88388888,60,"INMET SUBDIÁRIO","mancha",7,"moda_mancha",7,1,1,0.43,"Sao Carlos",11,"INMET SUBDIÁRIO","jul","uniplu_vizinhanca"
"A712","SP",-24.67166666,-47.54583333,60,"INMET SUBDIÁRIO","mancha",8,"moda_mancha",8,1,1,0.1,"Iguape",9,"INMET SUBDIÁRIO","ago","uniplu_vizinhanca"
"A714","SP",-23.98194443,-48.88583333,60,"INMET SUBDIÁRIO","mancha",7,"moda_mancha",7,0.4,0.925,6.33,"Itapeva",9,"INMET SUBDIÁRIO","jul","uniplu_vizinhanca"
"A716","SP",-23.00055555,-49.84333333,60,"INMET SUBDIÁRIO","mancha",7,"moda_mancha",7,0.9,0.988,1.12,"Ourinhos",8,"INMET SUBDIÁRIO","jul","uniplu_vizinhanca"
"A718","SP",-22.37277777,-50.97472221,60,"INMET SUBDIÁRIO","mancha",7,"moda_mancha",7,1,1,7.27,"Rancharia",9,"INMET SUBDIÁRIO","jul","uniplu_vizinhanca"
"A719","MS",-20.47555554,-55.78388888,60,"INMET SUBDIÁRIO","mancha",7,"moda_mancha",7,0.5,0.934,1.89,"Aquidauana",9,"INMET SUBDIÁRIO","jul","uniplu_vizinhanca"
"A722","MS",-20.39555555,-56.43166666,60,"INMET SUBDIÁRIO","mancha",7,"moda_mancha",7,0.7,0.961,17.63,"Miranda",10,"INMET SUBDIÁRIO","jul","uniplu_vizinhanca"
"A726","SP",-22.70305555,-47.62333332,60,"INMET SUBDIÁRIO","mancha",7,"moda_mancha",7,0.9,0.988,2.98,"Piracicaba",11,"INMET SUBDIÁRIO","jul","uniplu_vizinhanca"
"A728","SP",-23.04166666,-45.52083332,60,"INMET SUBDIÁRIO","mancha",7,"moda_mancha",7,1,1,0.63,"Taubate",9,"INMET SUBDIÁRIO","jul","uniplu_vizinhanca"
"A729","SP",-20.403221,-49.966031,60,"INMET SUBDIÁRIO","mancha",7,"moda_mancha",7,1,1,2.43,"Votuporanga",10,"INMET SUBDIÁRIO","jul","uniplu_vizinhanca"
"A733","SP",-20.165,-50.59499999,60,"INMET SUBDIÁRIO","mancha",7,"moda_mancha",7,1,1,9.73,"Jales",8,"INMET SUBDIÁRIO","jul","uniplu_vizinhanca"
"A734","SP",-21.31916666,-50.930277769999996,60,"INMET SUBDIÁRIO","mancha",7,"moda_mancha",7,1,1,7.06,"Valparaiso",10,"INMET SUBDIÁRIO","jul","uniplu_vizinhanca"
"A739","SP",-22.415,-46.805277769999996,60,"INMET SUBDIÁRIO","mancha",7,"moda_mancha",7,0.9,0.988,4.09,"Itapira",8,"INMET SUBDIÁRIO","jul","uniplu_vizinhanca"
"A741","SP",-22.4711111,-48.5575,60,"INMET SUBDIÁRIO","mancha",7,"moda_mancha",7,1,1,3.37,"Barra Bonita",8,"INMET SUBDIÁRIO","jul","uniplu_vizinhanca"
"A742","MS",-19.12249999,-51.72083332,60,"INMET SUBDIÁRIO","mancha",7,"moda_mancha",7,1,1,20.75,"Cassilandia",10,"INMET SUBDIÁRIO","jul","uniplu_vizinhanca"
"A743","MS",-21.77499999,-54.52805554,60,"INMET SUBDIÁRIO","mancha",8,"moda_mancha",8,0.8,0.978,9.02,"Rio Brilhante",8,"INMET SUBDIÁRIO","ago","uniplu_vizinhanca"
"A748","SP",-20.55916666,-48.54499999,60,"INMET SUBDIÁRIO","mancha",7,"moda_mancha",7,0.9,0.988,2.55,"Barretos",8,"INMET SUBDIÁRIO","jul","uniplu_vizinhanca"
"A751","MS",-23.96694443,-55.02416666,60,"INMET SUBDIÁRIO","mancha",8,"moda_mancha",8,1,1,36.26,"Sete Quedas",8,"INMET SUBDIÁRIO","ago","uniplu_vizinhanca"
"A752","MS",-23.44944444,-54.18194443,60,"INMET SUBDIÁRIO","mancha",8,"moda_mancha",8,0.9,0.954,23.49,"Itaquirai",8,"INMET SUBDIÁRIO","ago","uniplu_vizinhanca"
"A756","MS",-20.44444444,-52.87583332,60,"INMET SUBDIÁRIO","mancha",7,"moda_mancha",7,0.9,0.988,2.89,"Agua Clara",9,"INMET SUBDIÁRIO","jul","uniplu_vizinhanca"
"A801","RS",-30.05351111,-51.17472221,60,"INMET SUBDIÁRIO","mancha",4,"moda_mancha",4,0.4,0.784,0.1,"Porto Alegre - Jardim Botanico",19,"INMET SUBDIÁRIO","abr","uniplu_vizinhanca"
"A802","RS",-32.07888888,-52.16777777,60,"INMET SUBDIÁRIO","mancha",12,"moda_mancha",12,0.8,0.806,0.28,"Rio Grande",10,"INMET SUBDIÁRIO","dez","uniplu_vizinhanca"
"A803","RS",-29.72499999,-53.72055554,60,"INMET SUBDIÁRIO","mancha",12,"moda_mancha",12,0.7,0.557,0.1,"Santa Maria",14,"INMET SUBDIÁRIO","dez","uniplu_vizinhanca"
"A804","RS",-30.75055555,-55.40138888,60,"INMET SUBDIÁRIO","transicao",8,"media_circ_ponderada",8,0.5,0.385,25.62,"Santana do Livramento",10,"INMET SUBDIÁRIO","ago","uniplu_vizinhanca"
"A805","RS",-27.85444444,-53.7911111,60,"INMET SUBDIÁRIO","transicao",7,"media_circ_ponderada",8,0.5,0.149,1.66,"Santo Augusto",11,"INMET SUBDIÁRIO","jul","uniplu_vizinhanca"
"A806","SC",-27.6025,-48.61999999,60,"INMET SUBDIÁRIO","mancha",8,"moda_mancha",8,0.5,0.941,0.28,"Florianopolis",16,"INMET SUBDIÁRIO","ago","uniplu_vizinhanca"
"A807","PR",-25.4486111,-49.23055554,60,"INMET SUBDIÁRIO","mancha",5,"moda_mancha",5,0.7,0.879,0.17,"Curitiba",10,"INMET SUBDIÁRIO","mai","uniplu_vizinhanca"
"A809","RS",-29.83999999,-57.08194443,60,"INMET SUBDIÁRIO","mancha",8,"moda_mancha",8,0.7,0.961,0.22,"Uruguaiana",13,"INMET SUBDIÁRIO","ago","uniplu_vizinhanca"
"A811","RS",-31.40333333,-52.70083333,60,"INMET SUBDIÁRIO","transicao",3,"media_circ_ponderada",12,0.4,0.573,3.06,"Cangucu",8,"INMET SUBDIÁRIO","mar","uniplu_vizinhanca"
"A812","RS",-30.54527777,-53.46694443,60,"INMET SUBDIÁRIO","transicao",2,"media_circ_ponderada",12,0.5,0.675,3.16,"Cacapava do Sul",11,"INMET SUBDIÁRIO","fev","uniplu_vizinhanca"
"A813","RS",-29.87222221,-52.38194443,60,"INMET SUBDIÁRIO","transicao",12,"media_circ_ponderada",3,0.2,0.224,12.83,"Rio Pardo",12,"INMET SUBDIÁRIO","dez","uniplu_vizinhanca"
"A814","SC",-28.53249999,-49.31527777,60,"INMET SUBDIÁRIO","mancha",7,"moda_mancha",7,0.3,0.795,0.59,"Urussanga",9,"INMET SUBDIÁRIO","jul","uniplu_vizinhanca"
"A815","SC",-28.27555554,-49.93472221,60,"INMET SUBDIÁRIO","mancha",5,"moda_mancha",5,1,1,0.72,"Sao Joaquim",9,"INMET SUBDIÁRIO","mai","uniplu_vizinhanca"
"A817","SC",-26.91361111,-49.26805554,60,"INMET SUBDIÁRIO","mancha",8,"moda_mancha",8,0.5,0.783,0.1,"Indaial",8,"INMET SUBDIÁRIO","ago","uniplu_vizinhanca"
"A820","PR",-24.53333333,-54.01916666,60,"INMET SUBDIÁRIO","mancha",8,"moda_mancha",8,1,1,14.13,"Mal, Candido Rondon",10,"INMET SUBDIÁRIO","ago","uniplu_vizinhanca"
"A821","PR",-23.50527777,-49.94638888,60,"INMET SUBDIÁRIO","mancha",7,"moda_mancha",7,0.5,0.966,8.86,"Joaquim Tavora",8,"INMET SUBDIÁRIO","jul","uniplu_vizinhanca"
"A823","PR",-25.56777777,-51.07805554,60,"INMET SUBDIÁRIO","mancha",8,"moda_mancha",8,0.9,0.854,0.93,"Inacio Martins",13,"INMET SUBDIÁRIO","ago","uniplu_vizinhanca"
"A826","RS",-29.70916666,-55.52555554,60,"INMET SUBDIÁRIO","mancha",8,"moda_mancha",8,1,1,3.3,"Alegrete",8,"INMET SUBDIÁRIO","ago","uniplu_vizinhanca"
"A827","RS",-31.34777777,-54.01333333,60,"INMET SUBDIÁRIO","mancha",12,"moda_mancha",12,0.7,0.825,12.68,"Bage",8,"INMET SUBDIÁRIO","dez","uniplu_vizinhanca"
"A828","RS",-27.65777777,-52.30583333,60,"INMET SUBDIÁRIO","mancha",3,"moda_mancha",3,0.5,0.826,19.71,"Erechim",8,"INMET SUBDIÁRIO","mar","uniplu_vizinhanca"
"A829","RS",-28.7486111,-50.05777777,60,"INMET SUBDIÁRIO","mancha",5,"moda_mancha",5,0.8,0.825,3.99,"Sao Jose dos Ausentes",9,"INMET SUBDIÁRIO","mai","uniplu_vizinhanca"
"A831","RS",-30.3686111,-56.43722221,60,"INMET SUBDIÁRIO","mancha",8,"moda_mancha",8,0.7,0.801,3.6,"Quarai",10,"INMET SUBDIÁRIO","ago","uniplu_vizinhanca"
"A832","RS",-30.34138888,-54.31083333,60,"INMET SUBDIÁRIO","transicao",10,"media_circ_ponderada",12,0.5,0.487,1.62,"Sao Gabriel",10,"INMET SUBDIÁRIO","out","uniplu_vizinhanca"
"A833","RS",-29.191599,-54.885653,60,"INMET SUBDIÁRIO","mancha",8,"moda_mancha",8,0.8,0.6,3.36,"Santiago",8,"INMET SUBDIÁRIO","ago","uniplu_vizinhanca"
"A836","RS",-32.53472221,-53.37583332,60,"INMET SUBDIÁRIO","mancha",12,"moda_mancha",12,0.7,0.762,1.76,"Jaguarao",10,"INMET SUBDIÁRIO","dez","uniplu_vizinhanca"
"A837","RS",-28.859211,-52.542387,60,"INMET SUBDIÁRIO","mancha",5,"moda_mancha",5,0.7,0.845,9.39,"Soledade",10,"INMET SUBDIÁRIO","mai","uniplu_vizinhanca"
"A839","RS",-28.22666666,-52.40361111,60,"INMET SUBDIÁRIO","mancha",5,"moda_mancha",5,0.5,0.774,0.95,"Passo Fundo",11,"INMET SUBDIÁRIO","mai","uniplu_vizinhanca"
"A840","RS",-29.164581,-51.534202,60,"INMET SUBDIÁRIO","transicao",4,"media_circ_ponderada",5,0.5,0.629,0.1,"Bento Goncalves",12,"INMET SUBDIÁRIO","abr","uniplu_vizinhanca"
"A841","SC",-27.16916666,-51.55888888,60,"INMET SUBDIÁRIO","transicao",7,"media_circ_ponderada",8,0.5,0.525,6.51,"Joacaba",12,"INMET SUBDIÁRIO","jul","uniplu_vizinhanca"
"A843","PR",-25.69916666,-53.09527777,60,"INMET SUBDIÁRIO","mancha",8,"moda_mancha",8,1,1,11.09,"Dois Vizinhos",9,"INMET SUBDIÁRIO","ago","uniplu_vizinhanca"
"A844","RS",-28.222381,-51.512845,60,"INMET SUBDIÁRIO","mancha",4,"moda_mancha",4,0.5,0.934,0.41,"Lagoa Vermelha",14,"INMET SUBDIÁRIO","abr","uniplu_vizinhanca"
"A848","SC",-26.286562,-53.633114,60,"INMET SUBDIÁRIO","mancha",8,"moda_mancha",8,1,1,2.03,"Dionisio Cerqueira",11,"INMET SUBDIÁRIO","ago","uniplu_vizinhanca"
"A852","RS",-28.41722221,-54.9625,60,"INMET SUBDIÁRIO","mancha",8,"moda_mancha",8,0.8,0.615,0.1,"Sao Luiz Gonzaga",8,"INMET SUBDIÁRIO","ago","uniplu_vizinhanca"
"A853","RS",-28.60344,-53.673597,60,"INMET SUBDIÁRIO","transicao",2,"media_circ_ponderada",3,0.3,0.39,7.65,"Cruz Alta",10,"INMET SUBDIÁRIO","fev","uniplu_vizinhanca"
"A854","RS",-27.39555555,-53.42944443,60,"INMET SUBDIÁRIO","mancha",8,"moda_mancha",8,0.9,0.906,5.24,"Frederico Westphalen",13,"INMET SUBDIÁRIO","ago","uniplu_vizinhanca"
"A858","SC",-26.9386111,-52.39805555,60,"INMET SUBDIÁRIO","transicao",4,"media_circ_ponderada",8,0.5,0.387,9.84,"Xanxere",8,"INMET SUBDIÁRIO","abr","uniplu_vizinhanca"
"A859","SC",-26.81916666,-50.98555555,60,"INMET SUBDIÁRIO","transicao",5,"media_circ_ponderada",8,0.5,0.643,6.04,"Cacador",8,"INMET SUBDIÁRIO","mai","uniplu_vizinhanca"
"A860","SC",-27.2886111,-50.60416666,60,"INMET SUBDIÁRIO","transicao",4,"media_circ_ponderada",5,0.4,0.686,3.29,"Curitibanos",10,"INMET SUBDIÁRIO","abr","uniplu_vizinhanca"
"A867","SC",-28.931353,-49.49792,60,"INMET SUBDIÁRIO","mancha",6,"moda_mancha",6,0.4,0.837,11.87,"Ararangua",10,"INMET SUBDIÁRIO","jun","uniplu_vizinhanca"
"A868","SC",-26.95083333,-48.76194444,60,"INMET SUBDIÁRIO","mancha",8,"moda_mancha",8,0.7,0.896,9.16,"Itajai",9,"INMET SUBDIÁRIO","ago","uniplu_vizinhanca"
"A871","PR",-23.77333332,-50.18055554,60,"INMET SUBDIÁRIO","mancha",8,"moda_mancha",8,0.9,0.988,6.47,"Japira",8,"INMET SUBDIÁRIO","ago","uniplu_vizinhanca"
"A873","PR",-25.50888888,-48.80861111,60,"INMET SUBDIÁRIO","mancha",8,"moda_mancha",8,0.7,0.971,1.33,"Morretes",8,"INMET SUBDIÁRIO","ago","uniplu_vizinhanca"
"A874","PR",-25.83555555,-50.36888888,60,"INMET SUBDIÁRIO","transicao",5,"media_circ_ponderada",5,0.4,0.723,3.8,"Sao Mateus do Sul",8,"INMET SUBDIÁRIO","mai","uniplu_vizinhanca"
"A879","RS",-29.36888888,-50.82722221,60,"INMET SUBDIÁRIO","transicao",4,"media_circ_ponderada",5,0.6,0.64,3.03,"Canela",11,"INMET SUBDIÁRIO","abr","uniplu_vizinhanca"
"A880","RS",-28.51361111,-50.88277777,60,"INMET SUBDIÁRIO","mancha",5,"moda_mancha",5,0.6,0.94,20.69,"Vacaria",12,"INMET SUBDIÁRIO","mai","uniplu_vizinhanca"
"A884","RS",-29.67416666,-51.06416666,60,"INMET SUBDIÁRIO","transicao",4,"media_circ_ponderada",5,0.5,0.727,19.44,"Campo Bom",9,"INMET SUBDIÁRIO","abr","uniplu_vizinhanca"
"A902","MT",-14.65,-57.43166666,60,"INMET SUBDIÁRIO","mancha",7,"moda_mancha",7,0.9,0.988,4.55,"Tangara da Serra",8,"INMET SUBDIÁRIO","jul","uniplu_vizinhanca"
"A913","MT",-13.70805555,-59.7625,60,"INMET SUBDIÁRIO","mancha",7,"moda_mancha",7,0.8,0.978,7.79,"Comodoro",8,"INMET SUBDIÁRIO","jul","uniplu_vizinhanca"
"A920","MT",-11.37499999,-58.77472221,60,"INMET SUBDIÁRIO","mancha",7,"moda_mancha",7,1,1,7.23,"Juina",8,"INMET SUBDIÁRIO","jul","uniplu_vizinhanca"
"A928","MT",-13.0386111,-57.09222221,60,"INMET SUBDIÁRIO","mancha",7,"moda_mancha",7,1,1,3.85,"Nova Maringa",10,"INMET SUBDIÁRIO","jul","uniplu_vizinhanca"
"A932","MT",-16.34166666,-53.76611111,60,"INMET SUBDIÁRIO","mancha",7,"moda_mancha",7,1,1,1.37,"Guiratinga",8,"INMET SUBDIÁRIO","jul","uniplu_vizinhanca"
"F501","MG",-19.97999999,-43.95861111,60,"INMET SUBDIÁRIO","mancha",7,"moda_mancha",7,1,1,5.11,"Belo Horizonte - Cercadinho",10,"INMET SUBDIÁRIO","jul","uniplu_vizinhanca"
